"Iteration","MCM","MCM.conc"
1,"NTPCM",26.2776547040813
1,"WMCM",160.213422392157
1,"Ecoli80",186.491077096238
2,"NTPCM",27.5525423364863
2,"WMCM",180.037774458605
2,"Ecoli80",207.590316795091
3,"NTPCM",28.8974093095383
3,"WMCM",165.584656117041
3,"Ecoli80",194.482065426579
4,"NTPCM",27.3948855905873
4,"WMCM",166.369114500497
4,"Ecoli80",193.764000091085
5,"NTPCM",27.4814778936183
5,"WMCM",164.148480147428
5,"Ecoli80",191.629958041046
6,"NTPCM",26.3006355539199
6,"WMCM",146.010891328126
6,"Ecoli80",172.311526882046
7,"NTPCM",27.4587294600434
7,"WMCM",157.160839549808
7,"Ecoli80",184.619569009852
8,"NTPCM",28.1540246111317
8,"WMCM",179.373239976597
8,"Ecoli80",207.527264587729
9,"NTPCM",28.2195302073539
9,"WMCM",165.260359383371
9,"Ecoli80",193.479889590725
10,"NTPCM",28.6385083734621
10,"WMCM",168.308794595656
10,"Ecoli80",196.947302969118
11,"NTPCM",28.4821966965403
11,"WMCM",172.932874680355
11,"Ecoli80",201.415071376895
12,"NTPCM",26.1719925450693
12,"WMCM",167.979621473956
12,"Ecoli80",194.151614019025
13,"NTPCM",26.3526944028122
13,"WMCM",159.766011890324
13,"Ecoli80",186.118706293137
14,"NTPCM",28.6526233859601
14,"WMCM",177.652681960169
14,"Ecoli80",206.30530534613
15,"NTPCM",30.4617130370675
15,"WMCM",147.357922261229
15,"Ecoli80",177.819635298297
16,"NTPCM",24.6133993111963
16,"WMCM",162.391105133633
16,"Ecoli80",187.004504444829
17,"NTPCM",24.5494571729051
17,"WMCM",178.980080869813
17,"Ecoli80",203.529538042718
18,"NTPCM",26.3653500163174
18,"WMCM",169.773118673506
18,"Ecoli80",196.138468689823
19,"NTPCM",28.8955383447064
19,"WMCM",169.242153433561
19,"Ecoli80",198.137691778267
20,"NTPCM",27.6770136085031
20,"WMCM",176.225953402364
20,"Ecoli80",203.902967010867
21,"NTPCM",28.6932126850328
21,"WMCM",153.83819983217
21,"Ecoli80",182.531412517203
22,"NTPCM",27.1358479804502
22,"WMCM",173.637092024191
22,"Ecoli80",200.772940004642
23,"NTPCM",25.3868642021251
23,"WMCM",179.218595511044
23,"Ecoli80",204.605459713169
24,"NTPCM",26.0729242991984
24,"WMCM",163.559598168371
24,"Ecoli80",189.63252246757
25,"NTPCM",25.9282823710303
25,"WMCM",173.827023178108
25,"Ecoli80",199.755305549138
26,"NTPCM",27.0951293082474
26,"WMCM",177.487241138862
26,"Ecoli80",204.582370447109
27,"NTPCM",29.5442977206054
27,"WMCM",177.102947405089
27,"Ecoli80",206.647245125695
28,"NTPCM",28.4982392540803
28,"WMCM",165.243962492335
28,"Ecoli80",193.742201746416
29,"NTPCM",27.2596774831986
29,"WMCM",172.679068119097
29,"Ecoli80",199.938745602295
30,"NTPCM",25.7555847911892
30,"WMCM",148.95938044285
30,"Ecoli80",174.714965234039
31,"NTPCM",25.3956944947775
31,"WMCM",179.195864988331
31,"Ecoli80",204.591559483108
32,"NTPCM",28.1156394653243
32,"WMCM",150.013939404752
32,"Ecoli80",178.129578870077
33,"NTPCM",25.9148874673535
33,"WMCM",174.92565397496
33,"Ecoli80",200.840541442313
34,"NTPCM",28.9057420867117
34,"WMCM",161.586763649458
34,"Ecoli80",190.49250573617
35,"NTPCM",30.0118203549087
35,"WMCM",165.426423797588
35,"Ecoli80",195.438244152497
36,"NTPCM",26.1935157726189
36,"WMCM",160.987573801785
36,"Ecoli80",187.181089574403
37,"NTPCM",29.4043674638612
37,"WMCM",157.339961003947
37,"Ecoli80",186.744328467808
38,"NTPCM",26.6033658611821
38,"WMCM",169.510669688672
38,"Ecoli80",196.114035549855
39,"NTPCM",28.3271905259604
39,"WMCM",151.044982687095
39,"Ecoli80",179.372173213056
40,"NTPCM",29.0934877102972
40,"WMCM",177.139436677725
40,"Ecoli80",206.232924388023
41,"NTPCM",27.3246880048408
41,"WMCM",158.281194874922
41,"Ecoli80",185.605882879762
42,"NTPCM",29.6944537256864
42,"WMCM",171.723591979675
42,"Ecoli80",201.418045705362
43,"NTPCM",27.0000657379377
43,"WMCM",166.284084763735
43,"Ecoli80",193.284150501673
44,"NTPCM",28.2255041150909
44,"WMCM",191.830624404807
44,"Ecoli80",220.056128519898
45,"NTPCM",24.8691988694256
45,"WMCM",168.57305458383
45,"Ecoli80",193.442253453255
46,"NTPCM",27.4033458509397
46,"WMCM",156.952731726127
46,"Ecoli80",184.356077577067
47,"NTPCM",24.7380733667695
47,"WMCM",163.985163200452
47,"Ecoli80",188.723236567221
48,"NTPCM",26.0481280984604
48,"WMCM",185.974503501032
48,"Ecoli80",212.022631599493
49,"NTPCM",24.5797999786121
49,"WMCM",176.447027467921
49,"Ecoli80",201.026827446533
50,"NTPCM",26.7401371268517
50,"WMCM",166.088298733137
50,"Ecoli80",192.828435859989
51,"NTPCM",28.0866808209111
51,"WMCM",193.235469296339
51,"Ecoli80",221.322150117251
52,"NTPCM",27.3098417014803
52,"WMCM",163.925205073135
52,"Ecoli80",191.235046774615
53,"NTPCM",26.1049370534214
53,"WMCM",167.661930068374
53,"Ecoli80",193.766867121795
54,"NTPCM",27.0687619289869
54,"WMCM",165.754645708893
54,"Ecoli80",192.82340763788
55,"NTPCM",26.1000757943434
55,"WMCM",158.115826791776
55,"Ecoli80",184.215902586119
56,"NTPCM",29.8827419358429
56,"WMCM",172.88783986217
56,"Ecoli80",202.770581798013
57,"NTPCM",24.7624217614703
57,"WMCM",165.600674749057
57,"Ecoli80",190.363096510527
58,"NTPCM",27.4251999184062
58,"WMCM",178.598095699092
58,"Ecoli80",206.023295617498
59,"NTPCM",27.1804774157537
59,"WMCM",160.288398272931
59,"Ecoli80",187.468875688685
60,"NTPCM",27.1077919263931
60,"WMCM",165.57172344519
60,"Ecoli80",192.679515371583
61,"NTPCM",27.5905271534276
61,"WMCM",172.914525086847
61,"Ecoli80",200.505052240274
62,"NTPCM",26.6395370706644
62,"WMCM",161.180196642329
62,"Ecoli80",187.819733712994
63,"NTPCM",26.6561415707125
63,"WMCM",162.230037165396
63,"Ecoli80",188.886178736109
64,"NTPCM",24.6598495441473
64,"WMCM",153.904074502815
64,"Ecoli80",178.563924046962
65,"NTPCM",25.808470314802
65,"WMCM",175.079917430491
65,"Ecoli80",200.888387745293
66,"NTPCM",27.7299597307045
66,"WMCM",163.715878998613
66,"Ecoli80",191.445838729318
67,"NTPCM",27.4279933880464
67,"WMCM",167.681770010404
67,"Ecoli80",195.109763398451
68,"NTPCM",26.4183093827713
68,"WMCM",167.726627429362
68,"Ecoli80",194.144936812133
69,"NTPCM",28.0074646998357
69,"WMCM",165.36456484362
69,"Ecoli80",193.372029543455
70,"NTPCM",26.5916126156507
70,"WMCM",167.965769287794
70,"Ecoli80",194.557381903444
71,"NTPCM",25.7447026317532
71,"WMCM",168.963411885575
71,"Ecoli80",194.708114517328
72,"NTPCM",30.352887757253
72,"WMCM",171.20567613362
72,"Ecoli80",201.558563890873
73,"NTPCM",27.0795103830945
73,"WMCM",177.048705326485
73,"Ecoli80",204.12821570958
74,"NTPCM",26.1651058561276
74,"WMCM",180.226448781988
74,"Ecoli80",206.391554638116
75,"NTPCM",27.0787825967147
75,"WMCM",181.328710761532
75,"Ecoli80",208.407493358247
76,"NTPCM",27.0254429897385
76,"WMCM",168.524561185108
76,"Ecoli80",195.550004174846
77,"NTPCM",26.5072319340726
77,"WMCM",180.16771572693
77,"Ecoli80",206.674947661002
78,"NTPCM",27.0592907693362
78,"WMCM",178.286724866373
78,"Ecoli80",205.346015635709
79,"NTPCM",28.7066403080211
79,"WMCM",177.601771902137
79,"Ecoli80",206.308412210158
80,"NTPCM",27.0020715881044
80,"WMCM",151.134396695941
80,"Ecoli80",178.136468284046
81,"NTPCM",28.2230042909295
81,"WMCM",161.516708238672
81,"Ecoli80",189.739712529602
82,"NTPCM",27.8801278881979
82,"WMCM",174.086194885397
82,"Ecoli80",201.966322773595
83,"NTPCM",27.9515280996988
83,"WMCM",167.865633610134
83,"Ecoli80",195.817161709833
84,"NTPCM",28.4994575967795
84,"WMCM",156.163404003756
84,"Ecoli80",184.662861600535
85,"NTPCM",29.7572786747861
85,"WMCM",186.822476909329
85,"Ecoli80",216.579755584115
86,"NTPCM",29.8783986249515
86,"WMCM",173.130970926371
86,"Ecoli80",203.009369551323
87,"NTPCM",26.0816887031353
87,"WMCM",155.35608022338
87,"Ecoli80",181.437768926516
88,"NTPCM",29.0697996036298
88,"WMCM",161.07451843065
88,"Ecoli80",190.14431803428
89,"NTPCM",29.4437799970422
89,"WMCM",181.018626181231
89,"Ecoli80",210.462406178274
90,"NTPCM",27.7895269091666
90,"WMCM",161.252318480033
90,"Ecoli80",189.0418453892
91,"NTPCM",25.1982285244972
91,"WMCM",154.898110395283
91,"Ecoli80",180.09633891978
92,"NTPCM",27.4771102520266
92,"WMCM",174.98580530928
92,"Ecoli80",202.462915561306
93,"NTPCM",27.5995852251072
93,"WMCM",175.877334350831
93,"Ecoli80",203.476919575938
94,"NTPCM",26.8743805345466
94,"WMCM",151.399827922642
94,"Ecoli80",178.274208457189
95,"NTPCM",29.3851602628343
95,"WMCM",162.167356308913
95,"Ecoli80",191.552516571747
96,"NTPCM",26.6778163133434
96,"WMCM",164.549472094884
96,"Ecoli80",191.227288408227
97,"NTPCM",27.6156270565784
97,"WMCM",156.587132067786
97,"Ecoli80",184.202759124364
98,"NTPCM",27.5308935960428
98,"WMCM",191.505995788345
98,"Ecoli80",219.036889384388
99,"NTPCM",27.0704348012077
99,"WMCM",174.954047002842
99,"Ecoli80",202.024481804049
100,"NTPCM",28.1452460523113
100,"WMCM",169.664802759076
100,"Ecoli80",197.810048811388
101,"NTPCM",29.5143579875053
101,"WMCM",163.490940546589
101,"Ecoli80",193.005298534095
102,"NTPCM",26.4217576492359
102,"WMCM",172.328330733611
102,"Ecoli80",198.750088382847
103,"NTPCM",28.7074065801336
103,"WMCM",157.932543017619
103,"Ecoli80",186.639949597753
104,"NTPCM",28.3078051571511
104,"WMCM",170.005256380515
104,"Ecoli80",198.313061537666
105,"NTPCM",25.6264834225581
105,"WMCM",162.532047653667
105,"Ecoli80",188.158531076225
106,"NTPCM",29.0286236662869
106,"WMCM",152.572239389153
106,"Ecoli80",181.60086305544
107,"NTPCM",27.3642271618465
107,"WMCM",164.143782297115
107,"Ecoli80",191.508009458961
108,"NTPCM",30.9756744045783
108,"WMCM",168.6846461112
108,"Ecoli80",199.660320515779
109,"NTPCM",27.8494424434682
109,"WMCM",160.078490223918
109,"Ecoli80",187.927932667387
110,"NTPCM",27.6710546761263
110,"WMCM",160.39388389104
110,"Ecoli80",188.064938567166
111,"NTPCM",25.9684633412144
111,"WMCM",170.578005765581
111,"Ecoli80",196.546469106796
112,"NTPCM",28.5189436850771
112,"WMCM",172.158476649341
112,"Ecoli80",200.677420334418
113,"NTPCM",28.8168521775885
113,"WMCM",165.639311948967
113,"Ecoli80",194.456164126556
114,"NTPCM",29.7197817715518
114,"WMCM",166.711698140438
114,"Ecoli80",196.43147991199
115,"NTPCM",25.874843586042
115,"WMCM",171.313103576077
115,"Ecoli80",197.187947162119
116,"NTPCM",25.5404191349678
116,"WMCM",167.893738809831
116,"Ecoli80",193.434157944799
117,"NTPCM",27.4128123526902
117,"WMCM",174.301951523685
117,"Ecoli80",201.714763876375
118,"NTPCM",30.5568358266596
118,"WMCM",157.623213304954
118,"Ecoli80",188.180049131614
119,"NTPCM",23.8083161144495
119,"WMCM",167.519067833052
119,"Ecoli80",191.327383947501
120,"NTPCM",25.448369044206
120,"WMCM",168.237180606256
120,"Ecoli80",193.685549650462
121,"NTPCM",27.4918976915063
121,"WMCM",166.779941305893
121,"Ecoli80",194.271838997399
122,"NTPCM",27.8736919216267
122,"WMCM",146.450634172662
122,"Ecoli80",174.324326094289
123,"NTPCM",27.7854359396417
123,"WMCM",160.396868356849
123,"Ecoli80",188.18230429649
124,"NTPCM",28.0335454258241
124,"WMCM",167.097358858213
124,"Ecoli80",195.130904284037
125,"NTPCM",25.2246415105114
125,"WMCM",175.743589099739
125,"Ecoli80",200.96823061025
126,"NTPCM",28.564274754514
126,"WMCM",155.822362735638
126,"Ecoli80",184.386637490152
127,"NTPCM",27.639363980659
127,"WMCM",169.212494489905
127,"Ecoli80",196.851858470564
128,"NTPCM",28.6490727220251
128,"WMCM",164.579005102214
128,"Ecoli80",193.228077824239
129,"NTPCM",28.11489217252
129,"WMCM",157.084952259973
129,"Ecoli80",185.199844432493
130,"NTPCM",28.1206608012165
130,"WMCM",160.997016181944
130,"Ecoli80",189.117676983161
131,"NTPCM",28.6006941878127
131,"WMCM",181.083653637799
131,"Ecoli80",209.684347825612
132,"NTPCM",27.6550571767411
132,"WMCM",150.56034520239
132,"Ecoli80",178.215402379131
133,"NTPCM",28.695290827763
133,"WMCM",171.461142651451
133,"Ecoli80",200.156433479214
134,"NTPCM",26.089826132245
134,"WMCM",155.534826266555
134,"Ecoli80",181.6246523988
135,"NTPCM",26.9861843099342
135,"WMCM",190.171529025491
135,"Ecoli80",217.157713335426
136,"NTPCM",26.6473821697566
136,"WMCM",145.891518566652
136,"Ecoli80",172.538900736409
137,"NTPCM",24.8299972211106
137,"WMCM",174.125156052563
137,"Ecoli80",198.955153273673
138,"NTPCM",28.1700495670399
138,"WMCM",173.483630963676
138,"Ecoli80",201.653680530716
139,"NTPCM",27.1350677751434
139,"WMCM",169.455564029176
139,"Ecoli80",196.59063180432
140,"NTPCM",27.2832461915177
140,"WMCM",183.398624769931
140,"Ecoli80",210.681870961448
141,"NTPCM",28.1016727514011
141,"WMCM",165.239133815859
141,"Ecoli80",193.340806567261
142,"NTPCM",29.9564735081271
142,"WMCM",174.426009904645
142,"Ecoli80",204.382483412772
143,"NTPCM",26.880893698787
143,"WMCM",160.778843925953
143,"Ecoli80",187.65973762474
144,"NTPCM",28.3743815951766
144,"WMCM",165.920223685739
144,"Ecoli80",194.294605280915
145,"NTPCM",28.8649463205371
145,"WMCM",167.795978056219
145,"Ecoli80",196.660924376756
146,"NTPCM",28.5270818475513
146,"WMCM",161.394653814075
146,"Ecoli80",189.921735661627
147,"NTPCM",26.5545546929961
147,"WMCM",166.911752711435
147,"Ecoli80",193.466307404431
148,"NTPCM",29.1501766640973
148,"WMCM",181.534978416875
148,"Ecoli80",210.685155080972
149,"NTPCM",26.269058042198
149,"WMCM",163.177240622926
149,"Ecoli80",189.446298665124
150,"NTPCM",27.2425740898026
150,"WMCM",177.384029721456
150,"Ecoli80",204.626603811258
151,"NTPCM",27.5092959147637
151,"WMCM",160.34987923815
151,"Ecoli80",187.859175152913
152,"NTPCM",26.0761086972403
152,"WMCM",169.982784811166
152,"Ecoli80",196.058893508406
153,"NTPCM",27.5597716329466
153,"WMCM",172.547240171093
153,"Ecoli80",200.10701180404
154,"NTPCM",28.3951212768676
154,"WMCM",145.892833802954
154,"Ecoli80",174.287955079821
155,"NTPCM",25.2730369993775
155,"WMCM",156.210800019242
155,"Ecoli80",181.48383701862
156,"NTPCM",27.5272760677069
156,"WMCM",155.818293455326
156,"Ecoli80",183.345569523033
157,"NTPCM",27.7423186589204
157,"WMCM",189.315032864316
157,"Ecoli80",217.057351523237
158,"NTPCM",26.6491688361895
158,"WMCM",152.728410702705
158,"Ecoli80",179.377579538894
159,"NTPCM",25.6555402996241
159,"WMCM",179.728228785166
159,"Ecoli80",205.38376908479
160,"NTPCM",24.153019032645
160,"WMCM",179.716549089451
160,"Ecoli80",203.869568122096
161,"NTPCM",29.4471030009164
161,"WMCM",172.37155769316
161,"Ecoli80",201.818660694077
162,"NTPCM",28.764453625453
162,"WMCM",162.961967220307
162,"Ecoli80",191.72642084576
163,"NTPCM",28.7512985961229
163,"WMCM",178.160934803559
163,"Ecoli80",206.912233399682
164,"NTPCM",28.7683523917124
164,"WMCM",165.152469602576
164,"Ecoli80",193.920821994288
165,"NTPCM",26.6697327485024
165,"WMCM",163.48522535005
165,"Ecoli80",190.154958098552
166,"NTPCM",27.8776772072874
166,"WMCM",162.707377921417
166,"Ecoli80",190.585055128704
167,"NTPCM",27.2333514249591
167,"WMCM",158.165517034696
167,"Ecoli80",185.398868459655
168,"NTPCM",27.7419726054866
168,"WMCM",152.905031217568
168,"Ecoli80",180.647003823055
169,"NTPCM",28.7281332115262
169,"WMCM",159.05060099754
169,"Ecoli80",187.778734209067
170,"NTPCM",24.2093346549467
170,"WMCM",152.085465532324
170,"Ecoli80",176.294800187271
171,"NTPCM",27.2412925011992
171,"WMCM",175.62169054782
171,"Ecoli80",202.862983049019
172,"NTPCM",27.9837091417178
172,"WMCM",169.534905979915
172,"Ecoli80",197.518615121633
173,"NTPCM",27.5884845388508
173,"WMCM",169.072183149669
173,"Ecoli80",196.66066768852
174,"NTPCM",26.2146798648672
174,"WMCM",176.74276499849
174,"Ecoli80",202.957444863357
175,"NTPCM",27.9074819600719
175,"WMCM",163.888119472714
175,"Ecoli80",191.795601432786
176,"NTPCM",26.663878346437
176,"WMCM",175.144159979022
176,"Ecoli80",201.808038325459
177,"NTPCM",25.2415806093198
177,"WMCM",164.798556951673
177,"Ecoli80",190.040137560993
178,"NTPCM",30.714355942621
178,"WMCM",153.526636742735
178,"Ecoli80",184.240992685356
179,"NTPCM",26.0412790916786
179,"WMCM",181.417180500054
179,"Ecoli80",207.458459591732
180,"NTPCM",27.9388464502276
180,"WMCM",164.531238036878
180,"Ecoli80",192.470084487106
181,"NTPCM",26.0353206250184
181,"WMCM",156.236956527407
181,"Ecoli80",182.272277152425
182,"NTPCM",27.230284170002
182,"WMCM",163.487325024003
182,"Ecoli80",190.717609194005
183,"NTPCM",25.7934608658862
183,"WMCM",161.228456862075
183,"Ecoli80",187.021917727961
184,"NTPCM",26.2282593442236
184,"WMCM",183.943216295298
184,"Ecoli80",210.171475639522
185,"NTPCM",27.9741786719316
185,"WMCM",172.461281595457
185,"Ecoli80",200.435460267389
186,"NTPCM",26.3413024241402
186,"WMCM",167.720750721079
186,"Ecoli80",194.062053145219
187,"NTPCM",27.4690654559816
187,"WMCM",168.82723576619
187,"Ecoli80",196.296301222172
188,"NTPCM",26.9901786670372
188,"WMCM",166.376543098822
188,"Ecoli80",193.366721765859
189,"NTPCM",28.3268764457728
189,"WMCM",152.227075334099
189,"Ecoli80",180.553951779872
190,"NTPCM",27.6746091024065
190,"WMCM",180.818194314975
190,"Ecoli80",208.492803417381
191,"NTPCM",28.4002135916078
191,"WMCM",175.265437509182
191,"Ecoli80",203.66565110079
192,"NTPCM",27.599068464122
192,"WMCM",153.716242898925
192,"Ecoli80",181.315311363047
193,"NTPCM",27.9849946732468
193,"WMCM",179.091347947314
193,"Ecoli80",207.07634262056
194,"NTPCM",26.3251411240471
194,"WMCM",164.462170524201
194,"Ecoli80",190.787311648248
195,"NTPCM",25.3460566425032
195,"WMCM",178.182239821071
195,"Ecoli80",203.528296463574
196,"NTPCM",27.3068557785803
196,"WMCM",178.196570433381
196,"Ecoli80",205.503426211961
197,"NTPCM",26.5811269044447
197,"WMCM",171.085595431407
197,"Ecoli80",197.666722335852
198,"NTPCM",26.4130298058799
198,"WMCM",180.998960088404
198,"Ecoli80",207.411989894284
199,"NTPCM",25.5362153830157
199,"WMCM",152.337738844056
199,"Ecoli80",177.873954227071
200,"NTPCM",27.571582088113
200,"WMCM",174.589032487347
200,"Ecoli80",202.16061457546
201,"NTPCM",27.7533110097243
201,"WMCM",158.932050929471
201,"Ecoli80",186.685361939195
202,"NTPCM",27.3750990187091
202,"WMCM",194.084854012185
202,"Ecoli80",221.459953030894
203,"NTPCM",25.7015680793314
203,"WMCM",144.580660943034
203,"Ecoli80",170.282229022365
204,"NTPCM",29.0406040540519
204,"WMCM",184.255117872088
204,"Ecoli80",213.29572192614
205,"NTPCM",26.0231998831316
205,"WMCM",161.235415133953
205,"Ecoli80",187.258615017085
206,"NTPCM",27.4304227819329
206,"WMCM",171.512993688497
206,"Ecoli80",198.94341647043
207,"NTPCM",29.2396640717531
207,"WMCM",166.526372746909
207,"Ecoli80",195.766036818662
208,"NTPCM",27.4114079734743
208,"WMCM",172.88076554576
208,"Ecoli80",200.292173519234
209,"NTPCM",27.2469106866828
209,"WMCM",159.157328076494
209,"Ecoli80",186.404238763176
210,"NTPCM",27.3618781602541
210,"WMCM",160.970892734093
210,"Ecoli80",188.332770894347
211,"NTPCM",27.9307657487915
211,"WMCM",169.384346236242
211,"Ecoli80",197.315111985034
212,"NTPCM",27.9779826986831
212,"WMCM",164.335954391049
212,"Ecoli80",192.313937089732
213,"NTPCM",28.3005741722424
213,"WMCM",183.231956808038
213,"Ecoli80",211.53253098028
214,"NTPCM",29.5011153344193
214,"WMCM",174.952111789749
214,"Ecoli80",204.453227124168
215,"NTPCM",29.0186075942129
215,"WMCM",173.560211188308
215,"Ecoli80",202.578818782521
216,"NTPCM",27.151507778366
216,"WMCM",161.163203623019
216,"Ecoli80",188.314711401385
217,"NTPCM",24.0747883880371
217,"WMCM",173.764843935275
217,"Ecoli80",197.839632323312
218,"NTPCM",26.1159664081668
218,"WMCM",157.174963496358
218,"Ecoli80",183.290929904525
219,"NTPCM",27.9550062409515
219,"WMCM",152.16176316278
219,"Ecoli80",180.116769403732
220,"NTPCM",24.8653039482715
220,"WMCM",159.236438680404
220,"Ecoli80",184.101742628676
221,"NTPCM",29.3552067139713
221,"WMCM",141.02611370482
221,"Ecoli80",170.381320418791
222,"NTPCM",27.6830658302302
222,"WMCM",174.74514211069
222,"Ecoli80",202.42820794092
223,"NTPCM",28.6832306455409
223,"WMCM",160.592765702204
223,"Ecoli80",189.275996347745
224,"NTPCM",26.0985506236821
224,"WMCM",174.587404651664
224,"Ecoli80",200.685955275346
225,"NTPCM",29.0156915562178
225,"WMCM",151.434027686482
225,"Ecoli80",180.4497192427
226,"NTPCM",25.2076850351107
226,"WMCM",155.964945766101
226,"Ecoli80",181.172630801211
227,"NTPCM",28.6257809673023
227,"WMCM",155.998309009048
227,"Ecoli80",184.62408997635
228,"NTPCM",30.1374886231176
228,"WMCM",168.82437473643
228,"Ecoli80",198.961863359548
229,"NTPCM",27.2451626317415
229,"WMCM",176.197523779891
229,"Ecoli80",203.442686411632
230,"NTPCM",27.1525305284248
230,"WMCM",180.174912264276
230,"Ecoli80",207.327442792701
231,"NTPCM",26.0796264523381
231,"WMCM",157.902294809027
231,"Ecoli80",183.981921261365
232,"NTPCM",26.144281353235
232,"WMCM",157.247355131497
232,"Ecoli80",183.391636484732
233,"NTPCM",26.4292298691079
233,"WMCM",162.673052095785
233,"Ecoli80",189.102281964893
234,"NTPCM",24.3266783780957
234,"WMCM",173.534865834634
234,"Ecoli80",197.861544212729
235,"NTPCM",27.8930043608757
235,"WMCM",166.843137574682
235,"Ecoli80",194.736141935557
236,"NTPCM",28.0769814870412
236,"WMCM",146.904134979483
236,"Ecoli80",174.981116466524
237,"NTPCM",25.1704938036377
237,"WMCM",173.518743976883
237,"Ecoli80",198.689237780521
238,"NTPCM",28.7044651343886
238,"WMCM",172.143268388839
238,"Ecoli80",200.847733523227
239,"NTPCM",31.8517374643436
239,"WMCM",162.601596421341
239,"Ecoli80",194.453333885684
240,"NTPCM",28.0140143163171
240,"WMCM",148.46157438979
240,"Ecoli80",176.475588706107
241,"NTPCM",26.4451430117791
241,"WMCM",155.957366437087
241,"Ecoli80",182.402509448866
242,"NTPCM",29.4750931166726
242,"WMCM",161.694348151706
242,"Ecoli80",191.169441268379
243,"NTPCM",27.6366384096583
243,"WMCM",167.147468639102
243,"Ecoli80",194.78410704876
244,"NTPCM",30.3800301207664
244,"WMCM",178.015021904845
244,"Ecoli80",208.395052025611
245,"NTPCM",26.4719414699976
245,"WMCM",147.912749802084
245,"Ecoli80",174.384691272082
246,"NTPCM",26.0689638032644
246,"WMCM",173.736130438863
246,"Ecoli80",199.805094242127
247,"NTPCM",27.2182301648395
247,"WMCM",176.765960040298
247,"Ecoli80",203.984190205137
248,"NTPCM",28.9998927540787
248,"WMCM",173.838548572484
248,"Ecoli80",202.838441326563
249,"NTPCM",24.9583085963298
249,"WMCM",181.773166187021
249,"Ecoli80",206.731474783351
250,"NTPCM",24.2474400995191
250,"WMCM",153.240326815889
250,"Ecoli80",177.487766915408
251,"NTPCM",28.4533165093598
251,"WMCM",172.283553558268
251,"Ecoli80",200.736870067628
252,"NTPCM",25.0271210244405
252,"WMCM",154.277905306113
252,"Ecoli80",179.305026330554
253,"NTPCM",27.2426023280927
253,"WMCM",151.714524330996
253,"Ecoli80",178.957126659089
254,"NTPCM",26.1762721597427
254,"WMCM",158.405916723741
254,"Ecoli80",184.582188883483
255,"NTPCM",28.9330201969575
255,"WMCM",169.085577093462
255,"Ecoli80",198.018597290419
256,"NTPCM",28.7427972891047
256,"WMCM",162.081106199829
256,"Ecoli80",190.823903488934
257,"NTPCM",27.8531963348902
257,"WMCM",172.548052272209
257,"Ecoli80",200.401248607099
258,"NTPCM",26.5558114725206
258,"WMCM",157.985317991181
258,"Ecoli80",184.541129463701
259,"NTPCM",26.1246800587085
259,"WMCM",166.282092158353
259,"Ecoli80",192.406772217061
260,"NTPCM",27.5862150896289
260,"WMCM",173.519617481708
260,"Ecoli80",201.105832571337
261,"NTPCM",28.2956364788672
261,"WMCM",174.981790217619
261,"Ecoli80",203.277426696486
262,"NTPCM",26.6468849800637
262,"WMCM",176.774912756905
262,"Ecoli80",203.421797736968
263,"NTPCM",29.9843486288005
263,"WMCM",173.495446093887
263,"Ecoli80",203.479794722688
264,"NTPCM",26.1826659704891
264,"WMCM",164.145548095087
264,"Ecoli80",190.328214065577
265,"NTPCM",28.13330216366
265,"WMCM",165.564369759632
265,"Ecoli80",193.697671923292
266,"NTPCM",27.9214976928205
266,"WMCM",181.704448310083
266,"Ecoli80",209.625946002903
267,"NTPCM",27.637002881489
267,"WMCM",175.162015101479
267,"Ecoli80",202.799017982968
268,"NTPCM",28.8074767573907
268,"WMCM",136.004098581854
268,"Ecoli80",164.811575339245
269,"NTPCM",27.8205199293535
269,"WMCM",158.089015354727
269,"Ecoli80",185.90953528408
270,"NTPCM",26.2750766369214
270,"WMCM",166.700200607974
270,"Ecoli80",192.975277244895
271,"NTPCM",28.5045644786831
271,"WMCM",150.791478319724
271,"Ecoli80",179.296042798407
272,"NTPCM",25.7749866678327
272,"WMCM",147.612942323746
272,"Ecoli80",173.387928991579
273,"NTPCM",28.3417761816198
273,"WMCM",171.880688819518
273,"Ecoli80",200.222465001138
274,"NTPCM",27.4903701307392
274,"WMCM",154.097308855479
274,"Ecoli80",181.587678986218
275,"NTPCM",26.2792354832391
275,"WMCM",164.182830680203
275,"Ecoli80",190.462066163442
276,"NTPCM",25.3627521002789
276,"WMCM",164.512134717577
276,"Ecoli80",189.874886817856
277,"NTPCM",29.360754285204
277,"WMCM",153.023339170781
277,"Ecoli80",182.384093455985
278,"NTPCM",25.7578639508255
278,"WMCM",156.661703190639
278,"Ecoli80",182.419567141464
279,"NTPCM",28.1761256415454
279,"WMCM",167.893560075184
279,"Ecoli80",196.06968571673
280,"NTPCM",29.2789112810621
280,"WMCM",173.029660034892
280,"Ecoli80",202.308571315954
281,"NTPCM",27.1457331362978
281,"WMCM",177.97342304716
281,"Ecoli80",205.119156183458
282,"NTPCM",27.5129798026591
282,"WMCM",157.238946428254
282,"Ecoli80",184.751926230913
283,"NTPCM",26.821828458428
283,"WMCM",171.768252383736
283,"Ecoli80",198.590080842164
284,"NTPCM",26.4331346886017
284,"WMCM",168.082685543182
284,"Ecoli80",194.515820231784
285,"NTPCM",26.8373151679008
285,"WMCM",188.076940652959
285,"Ecoli80",214.91425582086
286,"NTPCM",25.616317705257
286,"WMCM",168.649371554171
286,"Ecoli80",194.265689259428
287,"NTPCM",27.4077696879849
287,"WMCM",177.212806924942
287,"Ecoli80",204.620576612927
288,"NTPCM",27.3892953855226
288,"WMCM",178.804843328784
288,"Ecoli80",206.194138714306
289,"NTPCM",28.7883687047712
289,"WMCM",165.288901545749
289,"Ecoli80",194.07727025052
290,"NTPCM",27.2162150209494
290,"WMCM",168.127192178566
290,"Ecoli80",195.343407199516
291,"NTPCM",25.8983272969774
291,"WMCM",153.947379568728
291,"Ecoli80",179.845706865706
292,"NTPCM",25.5105328765989
292,"WMCM",180.109758882738
292,"Ecoli80",205.620291759337
293,"NTPCM",28.0689925523382
293,"WMCM",170.674009771872
293,"Ecoli80",198.74300232421
294,"NTPCM",29.790734035189
294,"WMCM",143.248563778374
294,"Ecoli80",173.039297813563
295,"NTPCM",27.0492110072199
295,"WMCM",161.962959831806
295,"Ecoli80",189.012170839026
296,"NTPCM",29.0341296037049
296,"WMCM",164.625302699409
296,"Ecoli80",193.659432303114
297,"NTPCM",26.6665667414208
297,"WMCM",173.33918039276
297,"Ecoli80",200.00574713418
298,"NTPCM",26.5239898743536
298,"WMCM",160.557821221323
298,"Ecoli80",187.081811095676
299,"NTPCM",29.0868183153137
299,"WMCM",146.875804419624
299,"Ecoli80",175.962622734938
300,"NTPCM",26.2192597342462
300,"WMCM",162.142705151048
300,"Ecoli80",188.361964885294
301,"NTPCM",27.5304183726895
301,"WMCM",162.490523494005
301,"Ecoli80",190.020941866695
302,"NTPCM",25.6877490773584
302,"WMCM",162.944845340862
302,"Ecoli80",188.63259441822
303,"NTPCM",27.4683545377359
303,"WMCM",169.839899200265
303,"Ecoli80",197.308253738001
304,"NTPCM",30.6407292078054
304,"WMCM",164.728039688363
304,"Ecoli80",195.368768896169
305,"NTPCM",27.1308478381809
305,"WMCM",165.606395409868
305,"Ecoli80",192.737243248048
306,"NTPCM",22.1544355335441
306,"WMCM",169.882984977129
306,"Ecoli80",192.037420510673
307,"NTPCM",26.4574429305226
307,"WMCM",151.326337627361
307,"Ecoli80",177.783780557884
308,"NTPCM",26.3535495427612
308,"WMCM",152.197650198114
308,"Ecoli80",178.551199740875
309,"NTPCM",27.5714395103194
309,"WMCM",166.248158537437
309,"Ecoli80",193.819598047756
310,"NTPCM",28.4985340736939
310,"WMCM",177.5633496799
310,"Ecoli80",206.061883753594
311,"NTPCM",30.3288962045044
311,"WMCM",167.483200027266
311,"Ecoli80",197.81209623177
312,"NTPCM",28.916328164605
312,"WMCM",151.79179781476
312,"Ecoli80",180.708125979365
313,"NTPCM",26.0946036285637
313,"WMCM",177.794350932225
313,"Ecoli80",203.888954560788
314,"NTPCM",28.125012454877
314,"WMCM",168.531505637572
314,"Ecoli80",196.656518092449
315,"NTPCM",27.318236640575
315,"WMCM",172.653850504949
315,"Ecoli80",199.972087145524
316,"NTPCM",26.5442021748955
316,"WMCM",188.195137962819
316,"Ecoli80",214.739340137714
317,"NTPCM",27.4627678189036
317,"WMCM",178.889383184322
317,"Ecoli80",206.352151003226
318,"NTPCM",28.1357087121998
318,"WMCM",149.113064071834
318,"Ecoli80",177.248772784034
319,"NTPCM",26.0024369855757
319,"WMCM",170.534120678069
319,"Ecoli80",196.536557663645
320,"NTPCM",28.4004761452202
320,"WMCM",172.276155088698
320,"Ecoli80",200.676631233919
321,"NTPCM",28.2363584214382
321,"WMCM",160.003371941962
321,"Ecoli80",188.2397303634
322,"NTPCM",28.4654011705161
322,"WMCM",151.293322017233
322,"Ecoli80",179.758723187749
323,"NTPCM",27.4510395935348
323,"WMCM",161.747463337451
323,"Ecoli80",189.198502930986
324,"NTPCM",29.8581519316277
324,"WMCM",165.144574014603
324,"Ecoli80",195.002725946231
325,"NTPCM",28.3405420298051
325,"WMCM",168.468988586382
325,"Ecoli80",196.809530616187
326,"NTPCM",27.4708801181604
326,"WMCM",158.646366174384
326,"Ecoli80",186.117246292545
327,"NTPCM",28.2737191790229
327,"WMCM",171.397215437298
327,"Ecoli80",199.670934616321
328,"NTPCM",29.444016091917
328,"WMCM",158.936000340381
328,"Ecoli80",188.380016432298
329,"NTPCM",25.2493067194249
329,"WMCM",159.902610802429
329,"Ecoli80",185.151917521854
330,"NTPCM",25.7601185710862
330,"WMCM",176.86473034373
330,"Ecoli80",202.624848914816
331,"NTPCM",26.6115163606274
331,"WMCM",174.85737721535
331,"Ecoli80",201.468893575977
332,"NTPCM",25.3433315148788
332,"WMCM",162.488934083727
332,"Ecoli80",187.832265598605
333,"NTPCM",25.0318877575068
333,"WMCM",180.987354270915
333,"Ecoli80",206.019242028422
334,"NTPCM",28.3440561504754
334,"WMCM",168.179192640523
334,"Ecoli80",196.523248790998
335,"NTPCM",25.2974417997494
335,"WMCM",164.34796657422
335,"Ecoli80",189.645408373969
336,"NTPCM",28.0467825823213
336,"WMCM",174.76421563804
336,"Ecoli80",202.810998220362
337,"NTPCM",28.4867638937782
337,"WMCM",164.07124343681
337,"Ecoli80",192.558007330589
338,"NTPCM",29.2525693491925
338,"WMCM",159.008349339037
338,"Ecoli80",188.26091868823
339,"NTPCM",25.3851578181422
339,"WMCM",150.908616047456
339,"Ecoli80",176.293773865598
340,"NTPCM",27.6973136389511
340,"WMCM",178.700055764955
340,"Ecoli80",206.397369403906
341,"NTPCM",26.7722647863835
341,"WMCM",164.616147579726
341,"Ecoli80",191.38841236611
342,"NTPCM",27.7750989401415
342,"WMCM",159.578542173706
342,"Ecoli80",187.353641113848
343,"NTPCM",24.0684053573804
343,"WMCM",173.159395130603
343,"Ecoli80",197.227800487983
344,"NTPCM",28.5352575969163
344,"WMCM",161.526628909895
344,"Ecoli80",190.061886506811
345,"NTPCM",27.9399814771266
345,"WMCM",166.809144535002
345,"Ecoli80",194.749126012129
346,"NTPCM",30.9149246666718
346,"WMCM",159.535217246406
346,"Ecoli80",190.450141913078
347,"NTPCM",28.1295410213774
347,"WMCM",163.465450731369
347,"Ecoli80",191.594991752747
348,"NTPCM",26.6224896525818
348,"WMCM",165.309257893284
348,"Ecoli80",191.931747545866
349,"NTPCM",27.5674735867554
349,"WMCM",168.460844230406
349,"Ecoli80",196.028317817161
350,"NTPCM",29.0796125931246
350,"WMCM",142.649150753541
350,"Ecoli80",171.728763346666
351,"NTPCM",27.227139520681
351,"WMCM",160.796368817606
351,"Ecoli80",188.023508338287
352,"NTPCM",27.3221659691004
352,"WMCM",154.36225089012
352,"Ecoli80",181.68441685922
353,"NTPCM",25.1356875291378
353,"WMCM",153.626606357405
353,"Ecoli80",178.762293886543
354,"NTPCM",27.1280535128985
354,"WMCM",171.659873284595
354,"Ecoli80",198.787926797494
355,"NTPCM",30.2397062126743
355,"WMCM",168.807385552309
355,"Ecoli80",199.047091764983
356,"NTPCM",26.3310743942752
356,"WMCM",168.962361048093
356,"Ecoli80",195.293435442368
357,"NTPCM",29.3664683372176
357,"WMCM",174.112183968112
357,"Ecoli80",203.478652305329
358,"NTPCM",28.2687244725435
358,"WMCM",157.963464094406
358,"Ecoli80",186.232188566949
359,"NTPCM",28.5427857479917
359,"WMCM",161.76087726001
359,"Ecoli80",190.303663008002
360,"NTPCM",30.8764242809528
360,"WMCM",165.976492137381
360,"Ecoli80",196.852916418334
361,"NTPCM",26.5614121240283
361,"WMCM",166.009949433845
361,"Ecoli80",192.571361557873
362,"NTPCM",27.81250585782
362,"WMCM",164.202381343328
362,"Ecoli80",192.014887201148
363,"NTPCM",26.5394931242776
363,"WMCM",172.72542155682
363,"Ecoli80",199.264914681098
364,"NTPCM",23.4062896388354
364,"WMCM",173.568567192162
364,"Ecoli80",196.974856830997
365,"NTPCM",29.3411143061098
365,"WMCM",161.848343873455
365,"Ecoli80",191.189458179565
366,"NTPCM",27.5794897386096
366,"WMCM",167.251347218451
366,"Ecoli80",194.830836957061
367,"NTPCM",27.5476657859861
367,"WMCM",166.725980770295
367,"Ecoli80",194.273646556282
368,"NTPCM",29.3857474762796
368,"WMCM",163.038799822118
368,"Ecoli80",192.424547298397
369,"NTPCM",28.562368862871
369,"WMCM",170.496388114142
369,"Ecoli80",199.058756977013
370,"NTPCM",27.327618205166
370,"WMCM",185.299380342113
370,"Ecoli80",212.626998547279
371,"NTPCM",26.610607263032
371,"WMCM",164.971180082813
371,"Ecoli80",191.581787345845
372,"NTPCM",27.6495694152876
372,"WMCM",159.914999183568
372,"Ecoli80",187.564568598856
373,"NTPCM",28.9770589971487
373,"WMCM",150.164005516444
373,"Ecoli80",179.141064513593
374,"NTPCM",30.3083424148163
374,"WMCM",170.278607974332
374,"Ecoli80",200.586950389148
375,"NTPCM",26.0515787669411
375,"WMCM",184.947219002716
375,"Ecoli80",210.998797769658
376,"NTPCM",26.5663230779783
376,"WMCM",165.700515049237
376,"Ecoli80",192.266838127215
377,"NTPCM",27.4661198289619
377,"WMCM",177.071651416214
377,"Ecoli80",204.537771245176
378,"NTPCM",28.0626469950457
378,"WMCM",170.925720307523
378,"Ecoli80",198.988367302569
379,"NTPCM",29.6874052877185
379,"WMCM",158.639931030053
379,"Ecoli80",188.327336317771
380,"NTPCM",27.2520100828197
380,"WMCM",166.05539568434
380,"Ecoli80",193.30740576716
381,"NTPCM",29.0739981021305
381,"WMCM",155.412759050547
381,"Ecoli80",184.486757152677
382,"NTPCM",29.2973812181949
382,"WMCM",145.459521252917
382,"Ecoli80",174.756902471112
383,"NTPCM",26.0971056109589
383,"WMCM",159.505987050352
383,"Ecoli80",185.603092661311
384,"NTPCM",28.4609979943857
384,"WMCM",171.326534604065
384,"Ecoli80",199.78753259845
385,"NTPCM",29.5377737291201
385,"WMCM",150.889909701394
385,"Ecoli80",180.427683430514
386,"NTPCM",27.0661965519499
386,"WMCM",178.192010875808
386,"Ecoli80",205.258207427758
387,"NTPCM",28.3376553112134
387,"WMCM",201.282074669365
387,"Ecoli80",229.619729980579
388,"NTPCM",29.9053794599334
388,"WMCM",173.97235039333
388,"Ecoli80",203.877729853263
389,"NTPCM",27.6115438411302
389,"WMCM",173.258392801461
389,"Ecoli80",200.869936642592
390,"NTPCM",25.9209192807723
390,"WMCM",156.493043385671
390,"Ecoli80",182.413962666443
391,"NTPCM",27.0403520115465
391,"WMCM",160.894447552814
391,"Ecoli80",187.93479956436
392,"NTPCM",29.1176709107353
392,"WMCM",162.957684028025
392,"Ecoli80",192.075354938761
393,"NTPCM",25.8214474138692
393,"WMCM",168.662311176162
393,"Ecoli80",194.483758590031
394,"NTPCM",27.8606903295485
394,"WMCM",169.045071085201
394,"Ecoli80",196.90576141475
395,"NTPCM",26.1877515506619
395,"WMCM",168.0289142264
395,"Ecoli80",194.216665777062
396,"NTPCM",28.6102356502522
396,"WMCM",154.99649309625
396,"Ecoli80",183.606728746502
397,"NTPCM",27.7777013916199
397,"WMCM",177.945982605373
397,"Ecoli80",205.723683996993
398,"NTPCM",26.4317457601473
398,"WMCM",167.33607392153
398,"Ecoli80",193.767819681678
399,"NTPCM",25.3775115510948
399,"WMCM",165.70169353795
399,"Ecoli80",191.079205089045
400,"NTPCM",26.583414198628
400,"WMCM",166.841128274034
400,"Ecoli80",193.424542472662
401,"NTPCM",26.0352966247404
401,"WMCM",168.094292325487
401,"Ecoli80",194.129588950227
402,"NTPCM",25.1111483054657
402,"WMCM",172.314155106508
402,"Ecoli80",197.425303411974
403,"NTPCM",28.239611402937
403,"WMCM",167.627637250337
403,"Ecoli80",195.867248653274
404,"NTPCM",26.4864919387726
404,"WMCM",182.351455285317
404,"Ecoli80",208.83794722409
405,"NTPCM",24.6458607039713
405,"WMCM",158.474001293256
405,"Ecoli80",183.119861997228
406,"NTPCM",28.5084450771194
406,"WMCM",153.278862715482
406,"Ecoli80",181.787307792601
407,"NTPCM",26.9536531398511
407,"WMCM",169.846390633123
407,"Ecoli80",196.800043772974
408,"NTPCM",25.6171758891775
408,"WMCM",171.410356871258
408,"Ecoli80",197.027532760435
409,"NTPCM",27.4741822940484
409,"WMCM",173.109250102531
409,"Ecoli80",200.58343239658
410,"NTPCM",27.8560319836382
410,"WMCM",182.436907387146
410,"Ecoli80",210.292939370784
411,"NTPCM",27.4279147988327
411,"WMCM",161.819597223175
411,"Ecoli80",189.247512022008
412,"NTPCM",25.824315727147
412,"WMCM",164.961148620798
412,"Ecoli80",190.785464347945
413,"NTPCM",26.8031765807034
413,"WMCM",154.163818176398
413,"Ecoli80",180.966994757101
414,"NTPCM",28.7318720043309
414,"WMCM",158.674374007965
414,"Ecoli80",187.406246012296
415,"NTPCM",26.8158522279538
415,"WMCM",178.087584917006
415,"Ecoli80",204.90343714496
416,"NTPCM",29.6192857102587
416,"WMCM",171.863729391838
416,"Ecoli80",201.483015102097
417,"NTPCM",28.2027754166669
417,"WMCM",179.202901260839
417,"Ecoli80",207.405676677506
418,"NTPCM",26.130841849219
418,"WMCM",174.566197220234
418,"Ecoli80",200.697039069453
419,"NTPCM",25.6617932568652
419,"WMCM",172.991364630208
419,"Ecoli80",198.653157887073
420,"NTPCM",23.1726200758116
420,"WMCM",161.071943045579
420,"Ecoli80",184.24456312139
421,"NTPCM",25.8018679404148
421,"WMCM",157.034168320172
421,"Ecoli80",182.836036260587
422,"NTPCM",25.7672298881111
422,"WMCM",163.277681352462
422,"Ecoli80",189.044911240573
423,"NTPCM",27.1760548136501
423,"WMCM",161.888850374132
423,"Ecoli80",189.064905187782
424,"NTPCM",27.3175422105227
424,"WMCM",165.03924594066
424,"Ecoli80",192.356788151182
425,"NTPCM",28.6212453861002
425,"WMCM",158.984617172885
425,"Ecoli80",187.605862558985
426,"NTPCM",26.3032795288094
426,"WMCM",160.257780388589
426,"Ecoli80",186.561059917399
427,"NTPCM",26.9873701656095
427,"WMCM",153.493599436457
427,"Ecoli80",180.480969602066
428,"NTPCM",26.8135684836195
428,"WMCM",164.711782445908
428,"Ecoli80",191.525350929528
429,"NTPCM",27.9080906119568
429,"WMCM",162.017888749022
429,"Ecoli80",189.925979360979
430,"NTPCM",26.7655733769031
430,"WMCM",177.336959730462
430,"Ecoli80",204.102533107366
431,"NTPCM",27.2638706568893
431,"WMCM",167.915430931541
431,"Ecoli80",195.17930158843
432,"NTPCM",26.7444187915902
432,"WMCM",174.145010701347
432,"Ecoli80",200.889429492938
433,"NTPCM",26.4769390106698
433,"WMCM",149.374144930393
433,"Ecoli80",175.851083941063
434,"NTPCM",27.627900382986
434,"WMCM",178.071102562614
434,"Ecoli80",205.6990029456
435,"NTPCM",27.0738404913364
435,"WMCM",170.790246121012
435,"Ecoli80",197.864086612349
436,"NTPCM",27.5082691159692
436,"WMCM",159.294800210623
436,"Ecoli80",186.803069326592
437,"NTPCM",29.6144907117895
437,"WMCM",159.473303053684
437,"Ecoli80",189.087793765473
438,"NTPCM",26.7468120591581
438,"WMCM",162.126081706696
438,"Ecoli80",188.872893765854
439,"NTPCM",29.080502039321
439,"WMCM",168.497778521642
439,"Ecoli80",197.578280560963
440,"NTPCM",25.4647190705369
440,"WMCM",168.320473840479
440,"Ecoli80",193.785192911016
441,"NTPCM",27.488071831073
441,"WMCM",171.539453716353
441,"Ecoli80",199.027525547426
442,"NTPCM",25.8136080429979
442,"WMCM",163.41517471206
442,"Ecoli80",189.228782755058
443,"NTPCM",26.7523975893014
443,"WMCM",161.73824428231
443,"Ecoli80",188.490641871611
444,"NTPCM",26.5229810403111
444,"WMCM",191.671553187659
444,"Ecoli80",218.19453422797
445,"NTPCM",27.1732331539443
445,"WMCM",161.532852079413
445,"Ecoli80",188.706085233357
446,"NTPCM",27.1288476478837
446,"WMCM",165.567373662089
446,"Ecoli80",192.696221309973
447,"NTPCM",29.1141209108713
447,"WMCM",162.854978695213
447,"Ecoli80",191.969099606084
448,"NTPCM",27.5941811069935
448,"WMCM",161.71634033018
448,"Ecoli80",189.310521437174
449,"NTPCM",27.5906220470846
449,"WMCM",171.965593050002
449,"Ecoli80",199.556215097087
450,"NTPCM",27.4453982204962
450,"WMCM",174.45301412578
450,"Ecoli80",201.898412346276
451,"NTPCM",27.4902727476519
451,"WMCM",159.103583916914
451,"Ecoli80",186.593856664566
452,"NTPCM",26.6383467467601
452,"WMCM",153.962030432599
452,"Ecoli80",180.600377179359
453,"NTPCM",27.3433164607356
453,"WMCM",159.177416587355
453,"Ecoli80",186.520733048091
454,"NTPCM",27.2115995880218
454,"WMCM",153.800078914901
454,"Ecoli80",181.011678502923
455,"NTPCM",27.7860643743732
455,"WMCM",164.289552568645
455,"Ecoli80",192.075616943018
456,"NTPCM",28.410609020827
456,"WMCM",149.212875790659
456,"Ecoli80",177.623484811486
457,"NTPCM",30.0615612764907
457,"WMCM",161.207318887437
457,"Ecoli80",191.268880163927
458,"NTPCM",28.8309614372032
458,"WMCM",151.168234559637
458,"Ecoli80",179.99919599684
459,"NTPCM",27.2531323979408
459,"WMCM",169.515276191318
459,"Ecoli80",196.768408589258
460,"NTPCM",27.8960683504608
460,"WMCM",177.311685422193
460,"Ecoli80",205.207753772654
461,"NTPCM",25.6201027692207
461,"WMCM",171.817556455153
461,"Ecoli80",197.437659224374
462,"NTPCM",26.2349667361866
462,"WMCM",154.091170953543
462,"Ecoli80",180.32613768973
463,"NTPCM",24.8766638021579
463,"WMCM",173.819151981177
463,"Ecoli80",198.695815783335
464,"NTPCM",27.4713122499879
464,"WMCM",158.646180013818
464,"Ecoli80",186.117492263806
465,"NTPCM",26.7586579195617
465,"WMCM",179.592684440252
465,"Ecoli80",206.351342359814
466,"NTPCM",27.2773334040593
466,"WMCM",192.809488928613
466,"Ecoli80",220.086822332672
467,"NTPCM",27.6274134402206
467,"WMCM",141.443915127232
467,"Ecoli80",169.071328567453
468,"NTPCM",25.7636829935726
468,"WMCM",140.323810257036
468,"Ecoli80",166.087493250608
469,"NTPCM",27.4675137208387
469,"WMCM",151.64084381028
469,"Ecoli80",179.108357531119
470,"NTPCM",26.3708841686093
470,"WMCM",167.939113416619
470,"Ecoli80",194.309997585228
471,"NTPCM",26.1971117538248
471,"WMCM",159.934133984347
471,"Ecoli80",186.131245738171
472,"NTPCM",27.303806959421
472,"WMCM",173.115523033533
472,"Ecoli80",200.419329992954
473,"NTPCM",29.1450993924059
473,"WMCM",171.716282435943
473,"Ecoli80",200.861381828349
474,"NTPCM",28.6731652613829
474,"WMCM",169.15476663028
474,"Ecoli80",197.827931891663
475,"NTPCM",27.1291484867362
475,"WMCM",161.502399797069
475,"Ecoli80",188.631548283805
476,"NTPCM",26.0694985201994
476,"WMCM",160.573289688035
476,"Ecoli80",186.642788208234
477,"NTPCM",28.64608016771
477,"WMCM",167.609668996127
477,"Ecoli80",196.255749163837
478,"NTPCM",25.7119629779486
478,"WMCM",173.065026861522
478,"Ecoli80",198.77698983947
479,"NTPCM",24.3553853238627
479,"WMCM",162.396603810226
479,"Ecoli80",186.751989134089
480,"NTPCM",26.679284607529
480,"WMCM",180.47754531214
480,"Ecoli80",207.156829919669
481,"NTPCM",26.8382895319437
481,"WMCM",145.134351308251
481,"Ecoli80",171.972640840194
482,"NTPCM",27.4561992094333
482,"WMCM",163.935404714448
482,"Ecoli80",191.391603923881
483,"NTPCM",29.0196080391294
483,"WMCM",175.46190170688
483,"Ecoli80",204.48150974601
484,"NTPCM",27.4299621968697
484,"WMCM",172.498522469397
484,"Ecoli80",199.928484666267
485,"NTPCM",27.5086039916759
485,"WMCM",163.928468381097
485,"Ecoli80",191.437072372773
486,"NTPCM",27.6014180987896
486,"WMCM",157.824444444716
486,"Ecoli80",185.425862543506
487,"NTPCM",24.5163087753901
487,"WMCM",152.576380502331
487,"Ecoli80",177.092689277721
488,"NTPCM",23.2024595505916
488,"WMCM",179.910619736899
488,"Ecoli80",203.11307928749
489,"NTPCM",29.4044444428798
489,"WMCM",180.051326204264
489,"Ecoli80",209.455770647144
490,"NTPCM",26.8755844837382
490,"WMCM",171.936359078416
490,"Ecoli80",198.811943562154
491,"NTPCM",29.7233636460229
491,"WMCM",169.630685273079
491,"Ecoli80",199.354048919102
492,"NTPCM",28.9200823498838
492,"WMCM",185.84517272188
492,"Ecoli80",214.765255071764
493,"NTPCM",28.1293998945281
493,"WMCM",172.001063366815
493,"Ecoli80",200.130463261343
494,"NTPCM",27.9390407186215
494,"WMCM",173.374477549125
494,"Ecoli80",201.313518267746
495,"NTPCM",29.0679859377543
495,"WMCM",172.795765878891
495,"Ecoli80",201.863751816645
496,"NTPCM",25.6551926733843
496,"WMCM",165.516749020752
496,"Ecoli80",191.171941694137
497,"NTPCM",28.0269821887465
497,"WMCM",164.618974105012
497,"Ecoli80",192.645956293758
498,"NTPCM",27.4328224051352
498,"WMCM",171.355853173887
498,"Ecoli80",198.788675579022
499,"NTPCM",25.2975112437621
499,"WMCM",157.814354909223
499,"Ecoli80",183.111866152985
500,"NTPCM",29.7973372465202
500,"WMCM",178.19821662464
500,"Ecoli80",207.99555387116
501,"NTPCM",27.0392944039943
501,"WMCM",173.98572006265
501,"Ecoli80",201.025014466644
502,"NTPCM",27.7394247263618
502,"WMCM",167.828379421214
502,"Ecoli80",195.567804147576
503,"NTPCM",29.22184718124
503,"WMCM",180.555435181726
503,"Ecoli80",209.777282362966
504,"NTPCM",27.7289705170672
504,"WMCM",139.300686279783
504,"Ecoli80",167.02965679685
505,"NTPCM",26.735925894301
505,"WMCM",168.305372072583
505,"Ecoli80",195.041297966884
506,"NTPCM",29.0684171748436
506,"WMCM",188.545851416066
506,"Ecoli80",217.61426859091
507,"NTPCM",30.1913040181469
507,"WMCM",165.026137735634
507,"Ecoli80",195.21744175378
508,"NTPCM",25.2441674242259
508,"WMCM",164.98799090743
508,"Ecoli80",190.232158331656
509,"NTPCM",24.9742612415052
509,"WMCM",171.252988411932
509,"Ecoli80",196.227249653437
510,"NTPCM",28.823677337401
510,"WMCM",166.25153796756
510,"Ecoli80",195.075215304961
511,"NTPCM",26.8468157422193
511,"WMCM",181.862276142859
511,"Ecoli80",208.709091885078
512,"NTPCM",28.2553449509991
512,"WMCM",168.805702011449
512,"Ecoli80",197.061046962448
513,"NTPCM",27.3095691912929
513,"WMCM",189.507444572739
513,"Ecoli80",216.817013764032
514,"NTPCM",25.2681279897448
514,"WMCM",166.661139521777
514,"Ecoli80",191.929267511521
515,"NTPCM",32.2303634159757
515,"WMCM",168.752531690039
515,"Ecoli80",200.982895106015
516,"NTPCM",28.5270298728241
516,"WMCM",169.273640652447
516,"Ecoli80",197.800670525271
517,"NTPCM",28.4032882557505
517,"WMCM",178.849882466394
517,"Ecoli80",207.253170722145
518,"NTPCM",27.317135839691
518,"WMCM",165.106685155887
518,"Ecoli80",192.423820995578
519,"NTPCM",26.2534613113419
519,"WMCM",168.288092287503
519,"Ecoli80",194.541553598845
520,"NTPCM",26.6380836347149
520,"WMCM",165.641664672085
520,"Ecoli80",192.2797483068
521,"NTPCM",29.0905977457605
521,"WMCM",154.863323851131
521,"Ecoli80",183.953921596891
522,"NTPCM",27.6675441323935
522,"WMCM",153.71693861346
522,"Ecoli80",181.384482745854
523,"NTPCM",25.9152422629107
523,"WMCM",181.52141335268
523,"Ecoli80",207.436655615591
524,"NTPCM",27.8434853245341
524,"WMCM",157.362128546669
524,"Ecoli80",185.205613871203
525,"NTPCM",28.0981631675742
525,"WMCM",164.653309030497
525,"Ecoli80",192.751472198071
526,"NTPCM",26.3332785698047
526,"WMCM",169.415429649607
526,"Ecoli80",195.748708219412
527,"NTPCM",26.9824293318023
527,"WMCM",174.600263986664
527,"Ecoli80",201.582693318466
528,"NTPCM",28.5788955653322
528,"WMCM",166.712728626228
528,"Ecoli80",195.29162419156
529,"NTPCM",27.1372114263554
529,"WMCM",170.453238337976
529,"Ecoli80",197.590449764332
530,"NTPCM",28.1970457785917
530,"WMCM",159.38637556894
530,"Ecoli80",187.583421347531
531,"NTPCM",27.007524137977
531,"WMCM",155.333662833734
531,"Ecoli80",182.341186971711
532,"NTPCM",28.8109978409441
532,"WMCM",151.874120799803
532,"Ecoli80",180.685118640747
533,"NTPCM",27.3270095944313
533,"WMCM",173.114419979987
533,"Ecoli80",200.441429574419
534,"NTPCM",27.6992403307967
534,"WMCM",177.315055533145
534,"Ecoli80",205.014295863941
535,"NTPCM",25.61809157352
535,"WMCM",145.95631660125
535,"Ecoli80",171.57440817477
536,"NTPCM",27.6540073953607
536,"WMCM",177.580728332604
536,"Ecoli80",205.234735727964
537,"NTPCM",28.7599056941382
537,"WMCM",161.944694240487
537,"Ecoli80",190.704599934626
538,"NTPCM",27.471394172599
538,"WMCM",174.75997380139
538,"Ecoli80",202.231367973989
539,"NTPCM",24.4560921189557
539,"WMCM",156.484352635082
539,"Ecoli80",180.940444754037
540,"NTPCM",27.8330263074421
540,"WMCM",170.872970677342
540,"Ecoli80",198.705996984784
541,"NTPCM",28.3409521166593
541,"WMCM",183.416376457821
541,"Ecoli80",211.75732857448
542,"NTPCM",28.0532986078631
542,"WMCM",170.857865989555
542,"Ecoli80",198.911164597418
543,"NTPCM",25.6343685486451
543,"WMCM",172.321962316076
543,"Ecoli80",197.956330864721
544,"NTPCM",30.2369442919421
544,"WMCM",167.103831218008
544,"Ecoli80",197.34077550995
545,"NTPCM",26.240417583891
545,"WMCM",142.914215208664
545,"Ecoli80",169.154632792555
546,"NTPCM",28.6574796317868
546,"WMCM",191.507550858426
546,"Ecoli80",220.165030490213
547,"NTPCM",28.5633506550238
547,"WMCM",176.726088693463
547,"Ecoli80",205.289439348487
548,"NTPCM",26.3889209732595
548,"WMCM",165.891592828582
548,"Ecoli80",192.280513801842
549,"NTPCM",27.3388310236747
549,"WMCM",159.061671270915
549,"Ecoli80",186.400502294589
550,"NTPCM",25.4118594330376
550,"WMCM",155.114214896429
550,"Ecoli80",180.526074329467
551,"NTPCM",27.4322904169196
551,"WMCM",172.461104335741
551,"Ecoli80",199.893394752661
552,"NTPCM",28.2862130476645
552,"WMCM",146.36717344259
552,"Ecoli80",174.653386490254
553,"NTPCM",26.6674888759826
553,"WMCM",162.559361065909
553,"Ecoli80",189.226849941892
554,"NTPCM",28.352273399796
554,"WMCM",170.438562873854
554,"Ecoli80",198.79083627365
555,"NTPCM",27.2708992402538
555,"WMCM",170.170763640519
555,"Ecoli80",197.441662880773
556,"NTPCM",25.290344719182
556,"WMCM",164.680617897599
556,"Ecoli80",189.970962616781
557,"NTPCM",30.0607887982072
557,"WMCM",162.552112674756
557,"Ecoli80",192.612901472963
558,"NTPCM",26.9057386799335
558,"WMCM",159.676250753362
558,"Ecoli80",186.581989433295
559,"NTPCM",27.1448707166718
559,"WMCM",175.022324298058
559,"Ecoli80",202.16719501473
560,"NTPCM",27.3686385552334
560,"WMCM",183.285118514808
560,"Ecoli80",210.653757070042
561,"NTPCM",25.9636452427736
561,"WMCM",187.710450523478
561,"Ecoli80",213.674095766251
562,"NTPCM",27.4569580465227
562,"WMCM",159.431763576345
562,"Ecoli80",186.888721622868
563,"NTPCM",25.7236777222883
563,"WMCM",163.69272728725
563,"Ecoli80",189.416405009539
564,"NTPCM",30.0237889983792
564,"WMCM",166.501860671538
564,"Ecoli80",196.525649669917
565,"NTPCM",29.0228076221271
565,"WMCM",164.150323540193
565,"Ecoli80",193.17313116232
566,"NTPCM",26.1585223950437
566,"WMCM",169.698002748396
566,"Ecoli80",195.856525143439
567,"NTPCM",28.1834720918611
567,"WMCM",161.437041552202
567,"Ecoli80",189.620513644063
568,"NTPCM",28.2115832078734
568,"WMCM",164.117958181974
568,"Ecoli80",192.329541389847
569,"NTPCM",28.0367073277055
569,"WMCM",159.618457905183
569,"Ecoli80",187.655165232888
570,"NTPCM",27.172698389513
570,"WMCM",165.631234432324
570,"Ecoli80",192.803932821836
571,"NTPCM",27.8733742710689
571,"WMCM",183.082835585612
571,"Ecoli80",210.956209856681
572,"NTPCM",28.0601141327314
572,"WMCM",170.650529796308
572,"Ecoli80",198.710643929039
573,"NTPCM",26.5208396034261
573,"WMCM",171.951440848728
573,"Ecoli80",198.472280452154
574,"NTPCM",26.7428048921667
574,"WMCM",178.033437895081
574,"Ecoli80",204.776242787248
575,"NTPCM",27.0667713822212
575,"WMCM",177.255805492003
575,"Ecoli80",204.322576874224
576,"NTPCM",27.93257956741
576,"WMCM",176.797836678374
576,"Ecoli80",204.730416245784
577,"NTPCM",28.7379700379255
577,"WMCM",173.16151397583
577,"Ecoli80",201.899484013756
578,"NTPCM",27.9004343562272
578,"WMCM",155.567219805684
578,"Ecoli80",183.467654161911
579,"NTPCM",29.8915710452319
579,"WMCM",165.601363183311
579,"Ecoli80",195.492934228543
580,"NTPCM",28.223049431779
580,"WMCM",166.839442757258
580,"Ecoli80",195.062492189037
581,"NTPCM",29.134820484213
581,"WMCM",165.679586743484
581,"Ecoli80",194.814407227697
582,"NTPCM",26.6469316285185
582,"WMCM",160.948412514995
582,"Ecoli80",187.595344143513
583,"NTPCM",25.7141977187768
583,"WMCM",166.161246365217
583,"Ecoli80",191.875444083994
584,"NTPCM",26.4977672083533
584,"WMCM",162.740012508086
584,"Ecoli80",189.23777971644
585,"NTPCM",27.8067811263248
585,"WMCM",154.530266613511
585,"Ecoli80",182.337047739836
586,"NTPCM",27.922982260962
586,"WMCM",159.523028930966
586,"Ecoli80",187.446011191928
587,"NTPCM",28.6960376658525
587,"WMCM",174.714291628843
587,"Ecoli80",203.410329294696
588,"NTPCM",27.2105524572429
588,"WMCM",161.146085445401
588,"Ecoli80",188.356637902644
589,"NTPCM",24.9539952576767
589,"WMCM",176.945991875968
589,"Ecoli80",201.899987133645
590,"NTPCM",28.7774355322898
590,"WMCM",166.077673814183
590,"Ecoli80",194.855109346473
591,"NTPCM",29.1901216612523
591,"WMCM",161.366813323861
591,"Ecoli80",190.556934985114
592,"NTPCM",27.457490446478
592,"WMCM",162.828373001808
592,"Ecoli80",190.285863448286
593,"NTPCM",27.9853702600325
593,"WMCM",161.40905329148
593,"Ecoli80",189.394423551512
594,"NTPCM",25.8687496521141
594,"WMCM",162.666248099231
594,"Ecoli80",188.534997751345
595,"NTPCM",29.2740948051563
595,"WMCM",170.387744301404
595,"Ecoli80",199.66183910656
596,"NTPCM",28.4514065776706
596,"WMCM",172.417087521251
596,"Ecoli80",200.868494098921
597,"NTPCM",28.7255478659347
597,"WMCM",157.449896899047
597,"Ecoli80",186.175444764981
598,"NTPCM",24.0692682718013
598,"WMCM",146.506064499707
598,"Ecoli80",170.575332771508
599,"NTPCM",26.9652921257028
599,"WMCM",173.007961933821
599,"Ecoli80",199.973254059524
600,"NTPCM",26.6098643330666
600,"WMCM",140.622102533309
600,"Ecoli80",167.231966866376
601,"NTPCM",29.8241676208594
601,"WMCM",158.612593881401
601,"Ecoli80",188.43676150226
602,"NTPCM",27.896730394016
602,"WMCM",152.183784978985
602,"Ecoli80",180.080515373001
603,"NTPCM",27.8685390084345
603,"WMCM",171.931038471602
603,"Ecoli80",199.799577480036
604,"NTPCM",27.3191495023666
604,"WMCM",176.562852508742
604,"Ecoli80",203.882002011109
605,"NTPCM",27.529260273054
605,"WMCM",179.908942605411
605,"Ecoli80",207.438202878465
606,"NTPCM",25.4156782904914
606,"WMCM",166.100530934558
606,"Ecoli80",191.516209225049
607,"NTPCM",26.9401084363607
607,"WMCM",160.65263111677
607,"Ecoli80",187.59273955313
608,"NTPCM",24.6819624872497
608,"WMCM",166.637177249032
608,"Ecoli80",191.319139736282
609,"NTPCM",28.4626722687229
609,"WMCM",162.585181643971
609,"Ecoli80",191.047853912694
610,"NTPCM",27.6772621399735
610,"WMCM",171.326642057348
610,"Ecoli80",199.003904197321
611,"NTPCM",27.477836206688
611,"WMCM",184.978445365105
611,"Ecoli80",212.456281571793
612,"NTPCM",29.241759786367
612,"WMCM",167.879224188539
612,"Ecoli80",197.120983974906
613,"NTPCM",30.1685559688257
613,"WMCM",171.585281485262
613,"Ecoli80",201.753837454088
614,"NTPCM",27.1006333595904
614,"WMCM",163.121824484208
614,"Ecoli80",190.222457843799
615,"NTPCM",27.7026375832399
615,"WMCM",154.681369703563
615,"Ecoli80",182.384007286803
616,"NTPCM",27.8752101912103
616,"WMCM",158.551910969125
616,"Ecoli80",186.427121160335
617,"NTPCM",28.4938169122376
617,"WMCM",172.537336889314
617,"Ecoli80",201.031153801551
618,"NTPCM",27.7161341768766
618,"WMCM",175.460418405315
618,"Ecoli80",203.176552582191
619,"NTPCM",30.4713964519378
619,"WMCM",169.424984407331
619,"Ecoli80",199.896380859269
620,"NTPCM",27.2129925140137
620,"WMCM",156.313440624244
620,"Ecoli80",183.526433138258
621,"NTPCM",27.5837033953147
621,"WMCM",169.065193101913
621,"Ecoli80",196.648896497228
622,"NTPCM",28.8332346089055
622,"WMCM",177.733698989178
622,"Ecoli80",206.566933598084
623,"NTPCM",28.1990145943486
623,"WMCM",150.109766669429
623,"Ecoli80",178.308781263778
624,"NTPCM",25.8734615796109
624,"WMCM",167.717000281569
624,"Ecoli80",193.59046186118
625,"NTPCM",24.1797947145978
625,"WMCM",173.838936275784
625,"Ecoli80",198.018730990382
626,"NTPCM",27.6429649501486
626,"WMCM",167.832769337053
626,"Ecoli80",195.475734287202
627,"NTPCM",26.2111789397827
627,"WMCM",165.3050756703
627,"Ecoli80",191.516254610083
628,"NTPCM",27.9371232544025
628,"WMCM",154.77727821244
628,"Ecoli80",182.714401466842
629,"NTPCM",26.7034014457824
629,"WMCM",156.013927020356
629,"Ecoli80",182.717328466139
630,"NTPCM",27.5688466691784
630,"WMCM",169.7249249395
630,"Ecoli80",197.293771608678
631,"NTPCM",25.2924865215648
631,"WMCM",185.703669443031
631,"Ecoli80",210.996155964595
632,"NTPCM",26.0456758030541
632,"WMCM",185.595923649767
632,"Ecoli80",211.641599452821
633,"NTPCM",25.3793334750964
633,"WMCM",179.756077455615
633,"Ecoli80",205.135410930712
634,"NTPCM",25.7084764221513
634,"WMCM",159.962959295137
634,"Ecoli80",185.671435717288
635,"NTPCM",24.9060661648734
635,"WMCM",154.314641396201
635,"Ecoli80",179.220707561074
636,"NTPCM",25.2475560067782
636,"WMCM",163.091439588731
636,"Ecoli80",188.338995595509
637,"NTPCM",28.4252361505838
637,"WMCM",165.316984905556
637,"Ecoli80",193.74222105614
638,"NTPCM",27.8844191344344
638,"WMCM",177.723219183621
638,"Ecoli80",205.607638318055
639,"NTPCM",27.1302116266398
639,"WMCM",154.880962927257
639,"Ecoli80",182.011174553896
640,"NTPCM",28.0081930866902
640,"WMCM",165.386227634009
640,"Ecoli80",193.394420720699
641,"NTPCM",25.5526109882202
641,"WMCM",160.144132740821
641,"Ecoli80",185.696743729042
642,"NTPCM",24.8604386053919
642,"WMCM",165.317851273399
642,"Ecoli80",190.178289878791
643,"NTPCM",29.5086943656808
643,"WMCM",171.214095188786
643,"Ecoli80",200.722789554467
644,"NTPCM",29.0447035448215
644,"WMCM",167.08804077398
644,"Ecoli80",196.132744318801
645,"NTPCM",28.1524603602475
645,"WMCM",194.108705464024
645,"Ecoli80",222.261165824271
646,"NTPCM",26.7794627950097
646,"WMCM",151.049325970541
646,"Ecoli80",177.82878876555
647,"NTPCM",26.8823686075177
647,"WMCM",168.233211711094
647,"Ecoli80",195.115580318612
648,"NTPCM",27.0663838207118
648,"WMCM",163.932137348645
648,"Ecoli80",190.998521169357
649,"NTPCM",25.618857290193
649,"WMCM",171.997777184935
649,"Ecoli80",197.616634475128
650,"NTPCM",28.8071858293005
650,"WMCM",168.77396662587
650,"Ecoli80",197.58115245517
651,"NTPCM",24.348586993857
651,"WMCM",175.693184012005
651,"Ecoli80",200.041771005862
652,"NTPCM",25.1206262808374
652,"WMCM",156.423868071546
652,"Ecoli80",181.544494352384
653,"NTPCM",28.1169303642594
653,"WMCM",182.188765902281
653,"Ecoli80",210.30569626654
654,"NTPCM",28.6895468112353
654,"WMCM",176.878832660017
654,"Ecoli80",205.568379471252
655,"NTPCM",28.1664380923069
655,"WMCM",183.643771824584
655,"Ecoli80",211.810209916891
656,"NTPCM",27.3370957003812
656,"WMCM",183.319319967733
656,"Ecoli80",210.656415668114
657,"NTPCM",29.7256832813623
657,"WMCM",168.622179819555
657,"Ecoli80",198.347863100918
658,"NTPCM",28.9480659992277
658,"WMCM",178.003610003113
658,"Ecoli80",206.951676002341
659,"NTPCM",26.80415847405
659,"WMCM",163.318712286806
659,"Ecoli80",190.122870760856
660,"NTPCM",24.4737290464381
660,"WMCM",175.507509749491
660,"Ecoli80",199.981238795929
661,"NTPCM",24.9710675471257
661,"WMCM",157.757445320063
661,"Ecoli80",182.728512867189
662,"NTPCM",26.4916198905201
662,"WMCM",167.400641527861
662,"Ecoli80",193.892261418381
663,"NTPCM",25.1781707429992
663,"WMCM",161.616940469755
663,"Ecoli80",186.795111212755
664,"NTPCM",25.3822786248989
664,"WMCM",161.635481261524
664,"Ecoli80",187.017759886423
665,"NTPCM",28.0973376099787
665,"WMCM",163.156472952825
665,"Ecoli80",191.253810562804
666,"NTPCM",27.0080078123708
666,"WMCM",177.814832170039
666,"Ecoli80",204.82283998241
667,"NTPCM",27.5663785073395
667,"WMCM",170.041710475879
667,"Ecoli80",197.608088983219
668,"NTPCM",27.5282291749375
668,"WMCM",145.793936297498
668,"Ecoli80",173.322165472436
669,"NTPCM",27.4125866522968
669,"WMCM",156.216980284742
669,"Ecoli80",183.629566937039
670,"NTPCM",27.4202742297946
670,"WMCM",181.037054280367
670,"Ecoli80",208.457328510161
671,"NTPCM",26.330405734001
671,"WMCM",179.161223427308
671,"Ecoli80",205.491629161309
672,"NTPCM",23.691020843313
672,"WMCM",173.295049441502
672,"Ecoli80",196.986070284815
673,"NTPCM",29.6146851468454
673,"WMCM",159.587229398706
673,"Ecoli80",189.201914545551
674,"NTPCM",24.9739629017792
674,"WMCM",175.632827300373
674,"Ecoli80",200.606790202152
675,"NTPCM",28.0162214748281
675,"WMCM",161.732123660431
675,"Ecoli80",189.748345135259
676,"NTPCM",26.6645216181326
676,"WMCM",169.195816328962
676,"Ecoli80",195.860337947095
677,"NTPCM",28.8371442178583
677,"WMCM",168.068172435014
677,"Ecoli80",196.905316652872
678,"NTPCM",28.2715988016474
678,"WMCM",159.160361804791
678,"Ecoli80",187.431960606438
679,"NTPCM",25.3426801139452
679,"WMCM",155.543934893378
679,"Ecoli80",180.886615007323
680,"NTPCM",26.8978382573444
680,"WMCM",184.581681493564
680,"Ecoli80",211.479519750908
681,"NTPCM",28.6225321435898
681,"WMCM",165.173270367126
681,"Ecoli80",193.795802510716
682,"NTPCM",26.5762887194043
682,"WMCM",177.824657726184
682,"Ecoli80",204.400946445588
683,"NTPCM",25.1601972776126
683,"WMCM",161.357443515395
683,"Ecoli80",186.517640793007
684,"NTPCM",28.2311259461124
684,"WMCM",153.473034579139
684,"Ecoli80",181.704160525251
685,"NTPCM",26.520484643572
685,"WMCM",171.828481598015
685,"Ecoli80",198.348966241587
686,"NTPCM",25.1816695628656
686,"WMCM",176.078080497301
686,"Ecoli80",201.259750060166
687,"NTPCM",28.6732030927056
687,"WMCM",172.493696161169
687,"Ecoli80",201.166899253874
688,"NTPCM",27.7750801136598
688,"WMCM",173.751584554098
688,"Ecoli80",201.526664667758
689,"NTPCM",26.2627095426619
689,"WMCM",170.422076037998
689,"Ecoli80",196.68478558066
690,"NTPCM",28.83913975297
690,"WMCM",164.855830022554
690,"Ecoli80",193.694969775524
691,"NTPCM",28.3450729320819
691,"WMCM",168.490118164269
691,"Ecoli80",196.835191096351
692,"NTPCM",25.5556437693017
692,"WMCM",177.801583133897
692,"Ecoli80",203.357226903199
693,"NTPCM",27.6749620952927
693,"WMCM",175.40176723077
693,"Ecoli80",203.076729326063
694,"NTPCM",27.0174772871419
694,"WMCM",170.048580771462
694,"Ecoli80",197.066058058603
695,"NTPCM",26.5125938980883
695,"WMCM",156.195634917563
695,"Ecoli80",182.708228815651
696,"NTPCM",28.1459613028927
696,"WMCM",165.640619174477
696,"Ecoli80",193.786580477369
697,"NTPCM",28.0922174381389
697,"WMCM",180.491498740046
697,"Ecoli80",208.583716178185
698,"NTPCM",28.8112753814016
698,"WMCM",183.316211195343
698,"Ecoli80",212.127486576744
699,"NTPCM",29.5580839456873
699,"WMCM",145.61794529761
699,"Ecoli80",175.176029243297
700,"NTPCM",26.4601400593809
700,"WMCM",159.848279942972
700,"Ecoli80",186.308420002353
701,"NTPCM",28.7636309840377
701,"WMCM",171.208234739382
701,"Ecoli80",199.97186572342
702,"NTPCM",28.1210882611049
702,"WMCM",163.662483140547
702,"Ecoli80",191.783571401652
703,"NTPCM",27.0308668476485
703,"WMCM",177.641675715501
703,"Ecoli80",204.672542563149
704,"NTPCM",30.6969808823894
704,"WMCM",158.235338036628
704,"Ecoli80",188.932318919017
705,"NTPCM",25.8589856412906
705,"WMCM",169.078423129115
705,"Ecoli80",194.937408770406
706,"NTPCM",25.491118902405
706,"WMCM",163.183550533114
706,"Ecoli80",188.674669435518
707,"NTPCM",28.4498430685379
707,"WMCM",163.543474383847
707,"Ecoli80",191.993317452385
708,"NTPCM",27.984226602263
708,"WMCM",171.057218429145
708,"Ecoli80",199.041445031408
709,"NTPCM",26.4188766953418
709,"WMCM",175.800142477163
709,"Ecoli80",202.219019172504
710,"NTPCM",25.4059714076706
710,"WMCM",170.397473350298
710,"Ecoli80",195.803444757968
711,"NTPCM",28.1841721120071
711,"WMCM",160.423317710387
711,"Ecoli80",188.607489822394
712,"NTPCM",27.4853571810502
712,"WMCM",179.121706813057
712,"Ecoli80",206.607063994107
713,"NTPCM",29.3115632904511
713,"WMCM",147.535692147733
713,"Ecoli80",176.847255438184
714,"NTPCM",26.4621789016739
714,"WMCM",178.81361896875
714,"Ecoli80",205.275797870424
715,"NTPCM",29.3191943668714
715,"WMCM",164.439317237038
715,"Ecoli80",193.758511603909
716,"NTPCM",26.8343249953529
716,"WMCM",148.303597832188
716,"Ecoli80",175.13792282754
717,"NTPCM",29.1914013808846
717,"WMCM",171.19925549775
717,"Ecoli80",200.390656878635
718,"NTPCM",28.2519658430144
718,"WMCM",163.361734830028
718,"Ecoli80",191.613700673043
719,"NTPCM",29.1693888001957
719,"WMCM",161.453459768615
719,"Ecoli80",190.62284856881
720,"NTPCM",26.695886766596
720,"WMCM",168.027590182288
720,"Ecoli80",194.723476948884
721,"NTPCM",27.138135600293
721,"WMCM",176.077973289266
721,"Ecoli80",203.216108889559
722,"NTPCM",28.0579969775035
722,"WMCM",162.41404246324
722,"Ecoli80",190.472039440743
723,"NTPCM",25.094488715042
723,"WMCM",172.957439034
723,"Ecoli80",198.051927749042
724,"NTPCM",27.6742347359967
724,"WMCM",167.722445595466
724,"Ecoli80",195.396680331463
725,"NTPCM",27.4721204366838
725,"WMCM",166.079298325296
725,"Ecoli80",193.551418761979
726,"NTPCM",26.7443953488924
726,"WMCM",164.438735645266
726,"Ecoli80",191.183130994158
727,"NTPCM",27.6077779959175
727,"WMCM",160.128416651185
727,"Ecoli80",187.736194647103
728,"NTPCM",27.6648566608193
728,"WMCM",181.558935552089
728,"Ecoli80",209.223792212908
729,"NTPCM",26.3590731496318
729,"WMCM",156.128892784508
729,"Ecoli80",182.48796593414
730,"NTPCM",25.2628918105201
730,"WMCM",170.682741681307
730,"Ecoli80",195.945633491827
731,"NTPCM",29.2275459321484
731,"WMCM",160.148594924117
731,"Ecoli80",189.376140856265
732,"NTPCM",25.8703634660547
732,"WMCM",176.033718498709
732,"Ecoli80",201.904081964764
733,"NTPCM",26.8688896435806
733,"WMCM",177.55499933334
733,"Ecoli80",204.42388897692
734,"NTPCM",28.0844236422826
734,"WMCM",175.928238581422
734,"Ecoli80",204.012662223704
735,"NTPCM",29.1656542037956
735,"WMCM",148.041554419318
735,"Ecoli80",177.207208623114
736,"NTPCM",28.2637185435552
736,"WMCM",149.469168331511
736,"Ecoli80",177.732886875066
737,"NTPCM",28.009198849181
737,"WMCM",167.802828508299
737,"Ecoli80",195.81202735748
738,"NTPCM",29.508969061914
738,"WMCM",166.263019747111
738,"Ecoli80",195.771988809024
739,"NTPCM",27.5997235056785
739,"WMCM",163.071012518427
739,"Ecoli80",190.670736024105
740,"NTPCM",27.4485101944159
740,"WMCM",154.693242340944
740,"Ecoli80",182.14175253536
741,"NTPCM",28.8663898409239
741,"WMCM",155.22628045868
741,"Ecoli80",184.092670299604
742,"NTPCM",27.040681221941
742,"WMCM",179.137920898487
742,"Ecoli80",206.178602120428
743,"NTPCM",26.6712700670344
743,"WMCM",162.423257554491
743,"Ecoli80",189.094527621525
744,"NTPCM",26.8231704489459
744,"WMCM",170.989396715228
744,"Ecoli80",197.812567164174
745,"NTPCM",29.4076135780484
745,"WMCM",168.768218688487
745,"Ecoli80",198.175832266535
746,"NTPCM",27.1667223635421
746,"WMCM",167.752948040973
746,"Ecoli80",194.919670404515
747,"NTPCM",28.1849684396092
747,"WMCM",171.016230728992
747,"Ecoli80",199.201199168601
748,"NTPCM",26.8046519469449
748,"WMCM",156.450567217099
748,"Ecoli80",183.255219164044
749,"NTPCM",32.0303593350959
749,"WMCM",169.830730701971
749,"Ecoli80",201.861090037067
750,"NTPCM",26.3503898328251
750,"WMCM",170.009217838778
750,"Ecoli80",196.359607671604
751,"NTPCM",28.1654029344909
751,"WMCM",154.000775890959
751,"Ecoli80",182.16617882545
752,"NTPCM",27.3211527566989
752,"WMCM",168.191514167314
752,"Ecoli80",195.512666924013
753,"NTPCM",25.8565959702963
753,"WMCM",162.184025533007
753,"Ecoli80",188.040621503303
754,"NTPCM",25.9591951468603
754,"WMCM",152.290113785737
754,"Ecoli80",178.249308932597
755,"NTPCM",30.0192622904504
755,"WMCM",176.08483880836
755,"Ecoli80",206.104101098811
756,"NTPCM",27.8637896079053
756,"WMCM",144.144505868984
756,"Ecoli80",172.008295476889
757,"NTPCM",27.3019222822652
757,"WMCM",139.102089430967
757,"Ecoli80",166.404011713233
758,"NTPCM",26.6489512407926
758,"WMCM",171.788220578091
758,"Ecoli80",198.437171818884
759,"NTPCM",25.8175338833006
759,"WMCM",170.373362039555
759,"Ecoli80",196.190895922856
760,"NTPCM",25.8893395523165
760,"WMCM",183.427564595497
760,"Ecoli80",209.316904147813
761,"NTPCM",28.5044805898584
761,"WMCM",163.690162664431
761,"Ecoli80",192.19464325429
762,"NTPCM",27.6203105908325
762,"WMCM",171.028222911577
762,"Ecoli80",198.64853350241
763,"NTPCM",27.6015093791556
763,"WMCM",174.529758968317
763,"Ecoli80",202.131268347472
764,"NTPCM",27.6870117913684
764,"WMCM",168.244254743219
764,"Ecoli80",195.931266534587
765,"NTPCM",29.4980240240449
765,"WMCM",150.653670384306
765,"Ecoli80",180.151694408351
766,"NTPCM",28.9433179780243
766,"WMCM",179.722769007391
766,"Ecoli80",208.666086985415
767,"NTPCM",29.172153110392
767,"WMCM",162.741023865786
767,"Ecoli80",191.913176976178
768,"NTPCM",28.2509297087339
768,"WMCM",173.999844368504
768,"Ecoli80",202.250774077238
769,"NTPCM",25.3232683298577
769,"WMCM",182.675112511278
769,"Ecoli80",207.998380841135
770,"NTPCM",27.4028203134635
770,"WMCM",166.864256646364
770,"Ecoli80",194.267076959828
771,"NTPCM",26.9070949216813
771,"WMCM",176.615926374302
771,"Ecoli80",203.523021295983
772,"NTPCM",25.8948362577072
772,"WMCM",170.857198198869
772,"Ecoli80",196.752034456576
773,"NTPCM",26.8278279894185
773,"WMCM",170.740888072038
773,"Ecoli80",197.568716061457
774,"NTPCM",30.1169927321589
774,"WMCM",164.147212637635
774,"Ecoli80",194.264205369794
775,"NTPCM",26.7760276652085
775,"WMCM",175.961578267962
775,"Ecoli80",202.737605933171
776,"NTPCM",26.9087305040226
776,"WMCM",180.715173714252
776,"Ecoli80",207.623904218275
777,"NTPCM",24.7535459454667
777,"WMCM",162.780892408231
777,"Ecoli80",187.534438353698
778,"NTPCM",27.7348289997787
778,"WMCM",159.044401027057
778,"Ecoli80",186.779230026836
779,"NTPCM",27.331101326289
779,"WMCM",181.242177288831
779,"Ecoli80",208.57327861512
780,"NTPCM",26.2952269603207
780,"WMCM",169.517434794471
780,"Ecoli80",195.812661754791
781,"NTPCM",26.5881208261849
781,"WMCM",173.379939670281
781,"Ecoli80",199.968060496466
782,"NTPCM",29.4856033357903
782,"WMCM",154.117160042131
782,"Ecoli80",183.602763377921
783,"NTPCM",29.0015878238083
783,"WMCM",168.073979676398
783,"Ecoli80",197.075567500206
784,"NTPCM",27.8235744268222
784,"WMCM",168.006699279843
784,"Ecoli80",195.830273706665
785,"NTPCM",25.0128995320465
785,"WMCM",171.282017768607
785,"Ecoli80",196.294917300654
786,"NTPCM",27.1145196085964
786,"WMCM",160.73807772585
786,"Ecoli80",187.852597334446
787,"NTPCM",28.2919026320759
787,"WMCM",191.521384477732
787,"Ecoli80",219.813287109808
788,"NTPCM",28.2013399788918
788,"WMCM",184.88705858809
788,"Ecoli80",213.088398566982
789,"NTPCM",27.8753319118819
789,"WMCM",173.266475705312
789,"Ecoli80",201.141807617194
790,"NTPCM",27.7500851600685
790,"WMCM",164.703759424438
790,"Ecoli80",192.453844584507
791,"NTPCM",25.3360562824237
791,"WMCM",166.922108486159
791,"Ecoli80",192.258164768583
792,"NTPCM",26.2955436777754
792,"WMCM",148.89137488534
792,"Ecoli80",175.186918563115
793,"NTPCM",26.995646809876
793,"WMCM",152.659974624519
793,"Ecoli80",179.655621434395
794,"NTPCM",28.4552584577747
794,"WMCM",151.15622530446
794,"Ecoli80",179.611483762235
795,"NTPCM",23.1143968106556
795,"WMCM",162.510631536393
795,"Ecoli80",185.625028347049
796,"NTPCM",24.9946331599023
796,"WMCM",159.371841310462
796,"Ecoli80",184.366474470365
797,"NTPCM",26.4635430483557
797,"WMCM",178.541580493977
797,"Ecoli80",205.005123542333
798,"NTPCM",26.3763404847912
798,"WMCM",179.055133017874
798,"Ecoli80",205.431473502665
799,"NTPCM",27.3484061533963
799,"WMCM",156.029092830265
799,"Ecoli80",183.377498983662
800,"NTPCM",26.9762636579869
800,"WMCM",148.234288409164
800,"Ecoli80",175.210552067151
801,"NTPCM",27.4147437049186
801,"WMCM",153.101661760056
801,"Ecoli80",180.516405464974
802,"NTPCM",29.7409982996145
802,"WMCM",171.02126910577
802,"Ecoli80",200.762267405384
803,"NTPCM",27.6197395941907
803,"WMCM",173.828949679012
803,"Ecoli80",201.448689273202
804,"NTPCM",29.341440420066
804,"WMCM",166.17059169424
804,"Ecoli80",195.512032114306
805,"NTPCM",25.522099510972
805,"WMCM",180.656377525165
805,"Ecoli80",206.178477036137
806,"NTPCM",25.1916668333388
806,"WMCM",157.483461914337
806,"Ecoli80",182.675128747676
807,"NTPCM",26.6933125279268
807,"WMCM",166.987901750084
807,"Ecoli80",193.681214278011
808,"NTPCM",29.0282116411752
808,"WMCM",174.701173230821
808,"Ecoli80",203.729384871996
809,"NTPCM",27.528938436072
809,"WMCM",175.545591855866
809,"Ecoli80",203.074530291938
810,"NTPCM",25.9276354823364
810,"WMCM",170.217709749222
810,"Ecoli80",196.145345231559
811,"NTPCM",24.6659030995418
811,"WMCM",182.137235414896
811,"Ecoli80",206.803138514438
812,"NTPCM",27.0172049555734
812,"WMCM",178.356919733836
812,"Ecoli80",205.374124689409
813,"NTPCM",26.4625758011782
813,"WMCM",171.117168317128
813,"Ecoli80",197.579744118306
814,"NTPCM",26.728354424658
814,"WMCM",158.731821700347
814,"Ecoli80",185.460176125005
815,"NTPCM",28.1229094279159
815,"WMCM",160.595674046108
815,"Ecoli80",188.718583474024
816,"NTPCM",25.7100780037485
816,"WMCM",163.908292986579
816,"Ecoli80",189.618370990327
817,"NTPCM",28.2003286437129
817,"WMCM",168.178199380189
817,"Ecoli80",196.378528023901
818,"NTPCM",28.7779284456457
818,"WMCM",177.111237611617
818,"Ecoli80",205.889166057262
819,"NTPCM",27.1673651973839
819,"WMCM",169.496075860482
819,"Ecoli80",196.663441057866
820,"NTPCM",27.1457905689094
820,"WMCM",166.714493198404
820,"Ecoli80",193.860283767313
821,"NTPCM",29.5873970579272
821,"WMCM",161.470352421235
821,"Ecoli80",191.057749479162
822,"NTPCM",28.1785165625202
822,"WMCM",153.426275495573
822,"Ecoli80",181.604792058093
823,"NTPCM",28.4717802833727
823,"WMCM",159.937495207554
823,"Ecoli80",188.409275490926
824,"NTPCM",26.7971786070894
824,"WMCM",176.269698488427
824,"Ecoli80",203.066877095516
825,"NTPCM",26.5011617855435
825,"WMCM",165.664938221086
825,"Ecoli80",192.16610000663
826,"NTPCM",27.0985313586452
826,"WMCM",146.01009763932
826,"Ecoli80",173.108628997965
827,"NTPCM",26.865283970867
827,"WMCM",167.155246095501
827,"Ecoli80",194.020530066368
828,"NTPCM",27.4409798574862
828,"WMCM",169.476354531644
828,"Ecoli80",196.917334389131
829,"NTPCM",26.1532143523062
829,"WMCM",172.545318808258
829,"Ecoli80",198.698533160564
830,"NTPCM",27.8521673468827
830,"WMCM",169.044364033046
830,"Ecoli80",196.896531379929
831,"NTPCM",28.5041519266437
831,"WMCM",179.637967970876
831,"Ecoli80",208.142119897519
832,"NTPCM",28.7944195239164
832,"WMCM",170.976385834059
832,"Ecoli80",199.770805357975
833,"NTPCM",27.8214445597162
833,"WMCM",184.946662655102
833,"Ecoli80",212.768107214818
834,"NTPCM",28.9856528437773
834,"WMCM",185.003139543767
834,"Ecoli80",213.988792387544
835,"NTPCM",27.2745243053792
835,"WMCM",172.068874854912
835,"Ecoli80",199.343399160291
836,"NTPCM",26.6318708543135
836,"WMCM",169.371535336088
836,"Ecoli80",196.003406190401
837,"NTPCM",28.9205181933021
837,"WMCM",168.060586817016
837,"Ecoli80",196.981105010318
838,"NTPCM",27.9934516194428
838,"WMCM",160.191513042799
838,"Ecoli80",188.184964662242
839,"NTPCM",26.8949562673641
839,"WMCM",154.001059796171
839,"Ecoli80",180.896016063535
840,"NTPCM",27.7892315385211
840,"WMCM",168.918952658491
840,"Ecoli80",196.708184197012
841,"NTPCM",27.2967544788595
841,"WMCM",156.428071657789
841,"Ecoli80",183.724826136649
842,"NTPCM",23.8099209658722
842,"WMCM",184.797793904323
842,"Ecoli80",208.607714870195
843,"NTPCM",29.281148128697
843,"WMCM",164.555681431308
843,"Ecoli80",193.836829560005
844,"NTPCM",28.2271705248985
844,"WMCM",170.937151379365
844,"Ecoli80",199.164321904264
845,"NTPCM",27.5277443201273
845,"WMCM",173.476908281945
845,"Ecoli80",201.004652602072
846,"NTPCM",25.0741608896889
846,"WMCM",164.262090392913
846,"Ecoli80",189.336251282602
847,"NTPCM",27.877943844028
847,"WMCM",161.626245800039
847,"Ecoli80",189.504189644067
848,"NTPCM",27.4269087402443
848,"WMCM",179.130329161775
848,"Ecoli80",206.55723790202
849,"NTPCM",28.0068370996417
849,"WMCM",177.719125587979
849,"Ecoli80",205.725962687621
850,"NTPCM",28.0408323610976
850,"WMCM",156.439370340401
850,"Ecoli80",184.480202701499
851,"NTPCM",27.8429325265629
851,"WMCM",163.758307378426
851,"Ecoli80",191.601239904989
852,"NTPCM",29.4056197185968
852,"WMCM",173.167474187528
852,"Ecoli80",202.573093906125
853,"NTPCM",27.6521510638801
853,"WMCM",167.785933388818
853,"Ecoli80",195.438084452698
854,"NTPCM",26.0808775275326
854,"WMCM",156.326194387732
854,"Ecoli80",182.407071915265
855,"NTPCM",27.4085606967363
855,"WMCM",163.033250764035
855,"Ecoli80",190.441811460771
856,"NTPCM",26.4945819097305
856,"WMCM",168.550733298001
856,"Ecoli80",195.045315207731
857,"NTPCM",30.5727546303173
857,"WMCM",163.070454704347
857,"Ecoli80",193.643209334664
858,"NTPCM",29.4389618008324
858,"WMCM",183.272003344962
858,"Ecoli80",212.710965145794
859,"NTPCM",28.6236942174323
859,"WMCM",171.922724294163
859,"Ecoli80",200.546418511595
860,"NTPCM",26.8261774334531
860,"WMCM",158.904210514
860,"Ecoli80",185.730387947453
861,"NTPCM",26.7239088773938
861,"WMCM",172.730356878823
861,"Ecoli80",199.454265756216
862,"NTPCM",24.7864731587675
862,"WMCM",169.296622802973
862,"Ecoli80",194.083095961741
863,"NTPCM",25.047475730358
863,"WMCM",165.959407999285
863,"Ecoli80",191.006883729643
864,"NTPCM",26.4592564631242
864,"WMCM",148.704981402958
864,"Ecoli80",175.164237866082
865,"NTPCM",27.2219825635063
865,"WMCM",158.040598185706
865,"Ecoli80",185.262580749212
866,"NTPCM",27.9804268936602
866,"WMCM",161.697637968464
866,"Ecoli80",189.678064862125
867,"NTPCM",26.4530664062061
867,"WMCM",153.810756051543
867,"Ecoli80",180.263822457749
868,"NTPCM",27.6768981317979
868,"WMCM",178.795700706467
868,"Ecoli80",206.472598838265
869,"NTPCM",27.5959552697941
869,"WMCM",170.832556663981
869,"Ecoli80",198.428511933775
870,"NTPCM",27.0963275954993
870,"WMCM",153.589596781403
870,"Ecoli80",180.685924376902
871,"NTPCM",26.7780804911222
871,"WMCM",162.890513233824
871,"Ecoli80",189.668593724946
872,"NTPCM",27.5252141681238
872,"WMCM",172.50115497452
872,"Ecoli80",200.026369142644
873,"NTPCM",25.9227213302907
873,"WMCM",164.797476353797
873,"Ecoli80",190.720197684088
874,"NTPCM",28.1756116298446
874,"WMCM",173.850649633123
874,"Ecoli80",202.026261262967
875,"NTPCM",24.6816501220069
875,"WMCM",151.228239458771
875,"Ecoli80",175.909889580778
876,"NTPCM",29.9890789459111
876,"WMCM",174.57181631328
876,"Ecoli80",204.560895259191
877,"NTPCM",25.465916688882
877,"WMCM",169.125253782894
877,"Ecoli80",194.591170471776
878,"NTPCM",25.5851883617283
878,"WMCM",177.572738742969
878,"Ecoli80",203.157927104697
879,"NTPCM",24.346181503338
879,"WMCM",155.404827131922
879,"Ecoli80",179.751008635259
880,"NTPCM",26.5127439426029
880,"WMCM",161.50462569564
880,"Ecoli80",188.017369638242
881,"NTPCM",28.4417836338144
881,"WMCM",165.210646569131
881,"Ecoli80",193.652430202945
882,"NTPCM",29.3632134181125
882,"WMCM",154.098011519901
882,"Ecoli80",183.461224938014
883,"NTPCM",25.6388219642767
883,"WMCM",160.605681786911
883,"Ecoli80",186.244503751188
884,"NTPCM",24.8695378258759
884,"WMCM",160.849920854879
884,"Ecoli80",185.719458680755
885,"NTPCM",28.3526905899075
885,"WMCM",139.899991571369
885,"Ecoli80",168.252682161276
886,"NTPCM",30.4745027272688
886,"WMCM",169.658032771123
886,"Ecoli80",200.132535498392
887,"NTPCM",28.2259291139079
887,"WMCM",168.231812437572
887,"Ecoli80",196.45774155148
888,"NTPCM",27.3825893031371
888,"WMCM",169.912893158292
888,"Ecoli80",197.295482461429
889,"NTPCM",28.5104563086399
889,"WMCM",175.653725215008
889,"Ecoli80",204.164181523648
890,"NTPCM",28.6604323468954
890,"WMCM",177.780101053961
890,"Ecoli80",206.440533400857
891,"NTPCM",27.1364431627356
891,"WMCM",167.544551984206
891,"Ecoli80",194.680995146941
892,"NTPCM",25.4812210282725
892,"WMCM",161.127831383577
892,"Ecoli80",186.60905241185
893,"NTPCM",26.8951279817834
893,"WMCM",163.623932358509
893,"Ecoli80",190.519060340293
894,"NTPCM",27.8775070785912
894,"WMCM",132.665117880413
894,"Ecoli80",160.542624959005
895,"NTPCM",26.299391926681
895,"WMCM",153.48901786743
895,"Ecoli80",179.788409794111
896,"NTPCM",25.9844596007794
896,"WMCM",161.578090199726
896,"Ecoli80",187.562549800505
897,"NTPCM",26.1537651897788
897,"WMCM",176.781680476891
897,"Ecoli80",202.93544566667
898,"NTPCM",28.6375677422068
898,"WMCM",156.208952772553
898,"Ecoli80",184.84652051476
899,"NTPCM",24.6980741908659
899,"WMCM",179.120885961162
899,"Ecoli80",203.818960152028
900,"NTPCM",26.8647631531556
900,"WMCM",167.461280536479
900,"Ecoli80",194.326043689635
901,"NTPCM",28.6983015529508
901,"WMCM",161.494722480912
901,"Ecoli80",190.193024033863
902,"NTPCM",27.3984083740767
902,"WMCM",175.223015866963
902,"Ecoli80",202.62142424104
903,"NTPCM",29.2364977330983
903,"WMCM",156.07233424351
903,"Ecoli80",185.308831976609
904,"NTPCM",25.7156679678423
904,"WMCM",163.328693099726
904,"Ecoli80",189.044361067568
905,"NTPCM",26.4970261770377
905,"WMCM",166.079818702966
905,"Ecoli80",192.576844880004
906,"NTPCM",28.5883149984922
906,"WMCM",173.582442809548
906,"Ecoli80",202.17075780804
907,"NTPCM",29.379818097377
907,"WMCM",182.081330092055
907,"Ecoli80",211.461148189432
908,"NTPCM",26.9072135786394
908,"WMCM",159.213588112231
908,"Ecoli80",186.12080169087
909,"NTPCM",27.0807375059922
909,"WMCM",147.67603715302
909,"Ecoli80",174.756774659012
910,"NTPCM",28.4152844883615
910,"WMCM",175.335423345223
910,"Ecoli80",203.750707833584
911,"NTPCM",28.0340233541935
911,"WMCM",142.438575568638
911,"Ecoli80",170.472598922831
912,"NTPCM",29.9576209826613
912,"WMCM",150.313375807263
912,"Ecoli80",180.270996789924
913,"NTPCM",27.64160512899
913,"WMCM",163.054015362734
913,"Ecoli80",190.695620491724
914,"NTPCM",27.9608458391446
914,"WMCM",189.64008107877
914,"Ecoli80",217.600926917914
915,"NTPCM",27.0891156462599
915,"WMCM",173.894174769918
915,"Ecoli80",200.983290416178
916,"NTPCM",27.522977667253
916,"WMCM",177.618349725952
916,"Ecoli80",205.141327393206
917,"NTPCM",25.9977882423282
917,"WMCM",175.591170526728
917,"Ecoli80",201.588958769056
918,"NTPCM",29.3557264138129
918,"WMCM",146.68097206956
918,"Ecoli80",176.036698483373
919,"NTPCM",28.9179874801347
919,"WMCM",167.255180876567
919,"Ecoli80",196.173168356702
920,"NTPCM",27.270058548119
920,"WMCM",160.223543367926
920,"Ecoli80",187.493601916045
921,"NTPCM",25.8007291549691
921,"WMCM",171.929509394701
921,"Ecoli80",197.73023854967
922,"NTPCM",29.6296740089721
922,"WMCM",159.02894234376
922,"Ecoli80",188.658616352732
923,"NTPCM",23.2635910996923
923,"WMCM",184.207465366948
923,"Ecoli80",207.471056466641
924,"NTPCM",24.1566295261112
924,"WMCM",166.723534092771
924,"Ecoli80",190.880163618882
925,"NTPCM",27.829981028882
925,"WMCM",161.921744034401
925,"Ecoli80",189.751725063283
926,"NTPCM",26.7548820126318
926,"WMCM",155.793562600172
926,"Ecoli80",182.548444612804
927,"NTPCM",26.2661534409676
927,"WMCM",195.709942182138
927,"Ecoli80",221.976095623106
928,"NTPCM",26.2397345678052
928,"WMCM",160.912339308451
928,"Ecoli80",187.152073876256
929,"NTPCM",28.1973741525301
929,"WMCM",158.026250757006
929,"Ecoli80",186.223624909536
930,"NTPCM",28.3638075951602
930,"WMCM",162.600222180723
930,"Ecoli80",190.964029775883
931,"NTPCM",29.1346016805825
931,"WMCM",166.754851189269
931,"Ecoli80",195.889452869852
932,"NTPCM",26.9744145063127
932,"WMCM",170.474883115593
932,"Ecoli80",197.449297621906
933,"NTPCM",27.4156056448512
933,"WMCM",174.85623729012
933,"Ecoli80",202.271842934971
934,"NTPCM",27.5403285915446
934,"WMCM",191.242983992479
934,"Ecoli80",218.783312584023
935,"NTPCM",29.2012037657847
935,"WMCM",164.604814880661
935,"Ecoli80",193.806018646446
936,"NTPCM",27.1462495847773
936,"WMCM",134.161024835377
936,"Ecoli80",161.307274420154
937,"NTPCM",28.0678311002731
937,"WMCM",151.325603830853
937,"Ecoli80",179.393434931126
938,"NTPCM",27.5773559143334
938,"WMCM",171.707788217407
938,"Ecoli80",199.28514413174
939,"NTPCM",30.6682352049702
939,"WMCM",158.888583562033
939,"Ecoli80",189.556818767003
940,"NTPCM",27.5720663475349
940,"WMCM",174.676527700155
940,"Ecoli80",202.24859404769
941,"NTPCM",28.0544523862695
941,"WMCM",171.012851928328
941,"Ecoli80",199.067304314597
942,"NTPCM",24.9700085512823
942,"WMCM",171.192749880323
942,"Ecoli80",196.162758431605
943,"NTPCM",25.859461555545
943,"WMCM",158.936407244774
943,"Ecoli80",184.795868800319
944,"NTPCM",26.6178890193955
944,"WMCM",164.065691021117
944,"Ecoli80",190.683580040512
945,"NTPCM",23.5687136422004
945,"WMCM",169.854733376416
945,"Ecoli80",193.423447018616
946,"NTPCM",24.9967666667549
946,"WMCM",169.513482383415
946,"Ecoli80",194.51024905017
947,"NTPCM",27.3203149925555
947,"WMCM",186.183195348325
947,"Ecoli80",213.503510340881
948,"NTPCM",28.0738300138671
948,"WMCM",156.232745596332
948,"Ecoli80",184.306575610199
949,"NTPCM",25.5295614710477
949,"WMCM",163.457956405995
949,"Ecoli80",188.987517877043
950,"NTPCM",26.3082238479226
950,"WMCM",171.341307708698
950,"Ecoli80",197.649531556621
951,"NTPCM",25.2320489457911
951,"WMCM",167.323658424879
951,"Ecoli80",192.55570737067
952,"NTPCM",26.4026553232757
952,"WMCM",157.255324062423
952,"Ecoli80",183.657979385699
953,"NTPCM",28.9253612738698
953,"WMCM",157.669927433484
953,"Ecoli80",186.595288707353
954,"NTPCM",26.1982257524098
954,"WMCM",149.682243261735
954,"Ecoli80",175.880469014145
955,"NTPCM",29.2701645573321
955,"WMCM",178.419369182349
955,"Ecoli80",207.689533739681
956,"NTPCM",30.6487528672003
956,"WMCM",178.159953837168
956,"Ecoli80",208.808706704368
957,"NTPCM",27.6810595477621
957,"WMCM",174.369963135113
957,"Ecoli80",202.051022682875
958,"NTPCM",24.8417114206384
958,"WMCM",167.220390457907
958,"Ecoli80",192.062101878546
959,"NTPCM",28.0144868351713
959,"WMCM",150.882432928462
959,"Ecoli80",178.896919763634
960,"NTPCM",27.6484570111479
960,"WMCM",164.928093801363
960,"Ecoli80",192.576550812511
961,"NTPCM",27.8117602388942
961,"WMCM",171.882031867792
961,"Ecoli80",199.693792106686
962,"NTPCM",26.9311967400684
962,"WMCM",152.688450546904
962,"Ecoli80",179.619647286973
963,"NTPCM",28.5530373074671
963,"WMCM",169.174449882896
963,"Ecoli80",197.727487190363
964,"NTPCM",27.5445214270815
964,"WMCM",156.344700523972
964,"Ecoli80",183.889221951054
965,"NTPCM",27.8646645004487
965,"WMCM",190.830586736906
965,"Ecoli80",218.695251237354
966,"NTPCM",24.2133771061879
966,"WMCM",132.753641379496
966,"Ecoli80",156.967018485683
967,"NTPCM",25.3425491647982
967,"WMCM",167.578852597035
967,"Ecoli80",192.921401761834
968,"NTPCM",28.0513350686174
968,"WMCM",165.715816199845
968,"Ecoli80",193.767151268463
969,"NTPCM",29.0057330972551
969,"WMCM",165.130012064957
969,"Ecoli80",194.135745162212
970,"NTPCM",28.0814540827129
970,"WMCM",174.589685864789
970,"Ecoli80",202.671139947502
971,"NTPCM",28.5101771529631
971,"WMCM",179.972415123297
971,"Ecoli80",208.48259227626
972,"NTPCM",26.9277661734426
972,"WMCM",162.095246931909
972,"Ecoli80",189.023013105352
973,"NTPCM",27.4682714271167
973,"WMCM",164.853069413456
973,"Ecoli80",192.321340840573
974,"NTPCM",27.4082121067783
974,"WMCM",169.665543389861
974,"Ecoli80",197.07375549664
975,"NTPCM",29.5011953132094
975,"WMCM",175.07253491006
975,"Ecoli80",204.57373022327
976,"NTPCM",26.9586742762258
976,"WMCM",170.321591316713
976,"Ecoli80",197.280265592939
977,"NTPCM",28.1345131503662
977,"WMCM",171.21774987963
977,"Ecoli80",199.352263029996
978,"NTPCM",27.5274081108613
978,"WMCM",179.283223939689
978,"Ecoli80",206.81063205055
979,"NTPCM",26.729589417991
979,"WMCM",143.569357712947
979,"Ecoli80",170.298947130938
980,"NTPCM",28.3462952642517
980,"WMCM",175.155300630098
980,"Ecoli80",203.501595894349
981,"NTPCM",26.685333734367
981,"WMCM",164.323346218258
981,"Ecoli80",191.008679952625
982,"NTPCM",27.8056068238159
982,"WMCM",156.320254741185
982,"Ecoli80",184.125861565001
983,"NTPCM",25.1694867329218
983,"WMCM",179.812486972639
983,"Ecoli80",204.981973705561
984,"NTPCM",29.2621240307514
984,"WMCM",178.937905459374
984,"Ecoli80",208.200029490125
985,"NTPCM",28.6647468791194
985,"WMCM",155.113910028975
985,"Ecoli80",183.778656908094
986,"NTPCM",27.9318836242647
986,"WMCM",159.033952102469
986,"Ecoli80",186.965835726734
987,"NTPCM",26.3815459078846
987,"WMCM",169.58551878799
987,"Ecoli80",195.967064695874
988,"NTPCM",26.3927895625343
988,"WMCM",149.471679444285
988,"Ecoli80",175.864469006819
989,"NTPCM",26.5548890595828
989,"WMCM",172.356102945155
989,"Ecoli80",198.910992004738
990,"NTPCM",26.2004127252537
990,"WMCM",148.257628436887
990,"Ecoli80",174.458041162141
991,"NTPCM",30.2498413626401
991,"WMCM",154.449543510628
991,"Ecoli80",184.699384873268
992,"NTPCM",24.4329173791329
992,"WMCM",172.258628294028
992,"Ecoli80",196.691545673161
993,"NTPCM",28.5391718308833
993,"WMCM",182.576435385821
993,"Ecoli80",211.115607216705
994,"NTPCM",25.6505906637704
994,"WMCM",152.516155178604
994,"Ecoli80",178.166745842375
995,"NTPCM",26.2696245378586
995,"WMCM",163.390217400205
995,"Ecoli80",189.659841938064
996,"NTPCM",27.3108333071426
996,"WMCM",167.571515583113
996,"Ecoli80",194.882348890256
997,"NTPCM",22.8419005097755
997,"WMCM",153.993337559103
997,"Ecoli80",176.835238068879
998,"NTPCM",26.7698415335691
998,"WMCM",169.664889783405
998,"Ecoli80",196.434731316974
999,"NTPCM",26.4251298969802
999,"WMCM",179.604109910183
999,"Ecoli80",206.029239807163
1000,"NTPCM",27.448582638795
1000,"WMCM",182.317469959089
1000,"Ecoli80",209.766052597884
