"","Conc.Mg","Mg.free","CI95","Condition"
"1",0.1,0.000798750769443505,"0.000689937341133421 to 0.000923371045784443","Eco80"
"2",0.103099639939767,0.000823155777692384,"0.000713976338890202 to 0.000949611579528296","Eco80"
"3",0.106295357557095,0.00084903434237244,"0.000736268281475861 to 0.000978012345102493","Eco80"
"4",0.109590130914052,0.000874525334071356,"0.00075865482636378 to 0.00100912544362697","Eco80"
"5",0.112987030381907,0.000901972298866699,"0.000786017749459419 to 0.00103938349210833","Eco80"
"6",0.116489221502381,0.00093039333009828,"0.000813360692535223 to 0.00106638912678791","Eco80"
"7",0.120099967937592,0.0009598913440135,"0.000846138939931261 to 0.00109725956459379","Eco80"
"8",0.123822634511432,0.000991296212899123,"0.00087183242371685 to 0.00112980577490862","Eco80"
"9",0.127660690345219,0.00102252585256331,"0.000900479505442656 to 0.00116330219464867","Eco80"
"10",0.131617712090542,0.00105253718345207,"0.000927198166975194 to 0.00119827567844078","Eco80"
"11",0.135697387262307,0.00108529274931403,"0.000960590845349867 to 0.00123395165238801","Eco80"
"12",0.139903517675109,0.00111846348856006,"0.000991846211872093 to 0.00127210513802722","Eco80"
"13",0.144240022986105,0.00115302158196524,"0.00101765291517759 to 0.00130868300917842","Eco80"
"14",0.148710944347711,0.00118820188738945,"0.00105340981613064 to 0.00135110834971894","Eco80"
"15",0.153320448173517,0.00122379224911844,"0.00108859457517668 to 0.00138705566810194","Eco80"
"16",0.158072830020932,0.00126075766864373,"0.00112193375263019 to 0.00142805602068704","Eco80"
"17",0.16297251859418,0.00130123060665998,"0.00115771962470433 to 0.00147740155291292","Eco80"
"18",0.168024079871369,0.00134257146309295,"0.00119231638129254 to 0.00152264883081743","Eco80"
"19",0.173232221359487,0.00138409713575152,"0.00123173541341302 to 0.00156086464356536","Eco80"
"20",0.178601796481291,0.00142731682470991,"0.00126847532683954 to 0.00161887093070064","Eco80"
"21",0.184137809098165,0.00147170244636194,"0.00131156804232716 to 0.00165314536753484","Eco80"
"22",0.189845418173183,0.00151544139758936,"0.00135378828277087 to 0.00171980640941977","Eco80"
"23",0.195729942578696,0.00156411329969258,"0.00139576732083672 to 0.00176505064732359","Eco80"
"24",0.201796866052947,0.00161213487851471,"0.00144819719515735 to 0.00181450041941169","Eco80"
"25",0.208051842310322,0.001662242084312,"0.00148773015160765 to 0.00187147323130291","Eco80"
"26",0.214500700309993,0.00171592557917031,"0.001540100681486 to 0.00191869356280205","Eco80"
"27",0.22114944968788,0.00176761049139677,"0.0015862562612095 to 0.00198673995714638","Eco80"
"28",0.228004286356979,0.00182488229336482,"0.00163349217989683 to 0.00204360804252008","Eco80"
"29",0.23507159828128,0.00188233862784632,"0.00168941231479609 to 0.00210235922156976","Eco80"
"30",0.242357971428654,0.0019396132567327,"0.001745921250648 to 0.00217128775947651","Eco80"
"31",0.249870195908265,0.00199962040866431,"0.0018060672542128 to 0.00223628360926911","Eco80"
"32",0.25761527229821,0.00206426119591042,"0.0018586749073102 to 0.00231080191405039","Eco80"
"33",0.265600418169304,0.00212569763015407,"0.00191347439875728 to 0.00238089612748898","Eco80"
"34",0.273833074811067,0.0021925313932979,"0.00197094372260147 to 0.00244501733556608","Eco80"
"35",0.282320914166201,0.00226297187216151,"0.00203969049643609 to 0.00252366594829993","Eco80"
"36",0.291071845980011,0.00233261721047314,"0.0021063722078599 to 0.00260102584174632","Eco80"
"37",0.300094025171423,0.0024068665765668,"0.00216746868718086 to 0.00269028299626609","Eco80"
"38",0.30939585943249,0.00248162478387637,"0.00223961346351219 to 0.00276533669502829","Eco80"
"39",0.318986017063443,0.00256100632554845,"0.00231105075201841 to 0.0028425239911249","Eco80"
"40",0.328873435050612,0.00264212382731545,"0.00238957159996531 to 0.00293830677171613","Eco80"
"41",0.339067327394723,0.00272116793113839,"0.00244393442009404 to 0.00301334852900936","Eco80"
"42",0.349577193697349,0.00280727196975722,"0.00253827617937577 to 0.003104048244677","Eco80"
"43",0.360412828013507,0.00289568196303239,"0.00260504834878136 to 0.00322249281486907","Eco80"
"44",0.371584327978656,0.00298639665873837,"0.00269045189337539 to 0.00333333224360067","Eco80"
"45",0.383102104218596,0.00308256873449276,"0.00278655644216584 to 0.00343031060441487","Eco80"
"46",0.394976890051041,0.00317867353392933,"0.00286999893953672 to 0.00354820890174336","Eco80"
"47",0.407219751487911,0.0032780114017266,"0.00295509806085104 to 0.00363822581478952","Eco80"
"48",0.419842097547649,0.00338204727303384,"0.00305851157034961 to 0.00377745896935059","Eco80"
"49",0.43285569088719,0.003487681171761,"0.00316064467061312 to 0.00388605441108629","Eco80"
"50",0.446272658763481,0.00359886689706733,"0.00324991483951974 to 0.00400315349924941","Eco80"
"51",0.460105504334772,0.00371264958964049,"0.00335033095022002 to 0.00412320288061544","Eco80"
"52",0.474367118312197,0.00382770212156948,"0.00345374116772489 to 0.00427457267853471","Eco80"
"53",0.489070790972522,0.00394655516076157,"0.00355392329865875 to 0.00440251738913537","Eco80"
"54",0.504230224543238,0.00407080229483186,"0.00368955330423711 to 0.00453607909765847","Eco80"
"55",0.519859545971555,0.00419912259134387,"0.00379090481789595 to 0.00467776718595198","Eco80"
"56",0.535973320089178,0.00433458079856878,"0.00392419869351768 to 0.00483203928084118","Eco80"
"57",0.552586563185156,0.00447097158006037,"0.00404049322634006 to 0.00498540427667933","Eco80"
"58",0.569714756999426,0.00461128940552603,"0.00416155715736023 to 0.00511931285784327","Eco80"
"59",0.587373863150124,0.00475906122672287,"0.00430810235597365 to 0.0053092709353656","Eco80"
"60",0.605580338008075,0.00491113642575654,"0.00442834856302816 to 0.00547889465517675","Eco80"
"61",0.624351148032347,0.00506670011788408,"0.00458210283107878 to 0.00565563737071719","Eco80"
"62",0.643703785581148,0.00522709890823853,"0.00472489738030835 to 0.00581199860338138","Eco80"
"63",0.663656285212811,0.00539094965040364,"0.00488084877873711 to 0.00600215044531865","Eco80"
"64",0.684227240492038,0.00556582170031046,"0.00503015353825672 to 0.0061919077951249","Eco80"
"65",0.705435821317092,0.00574080847978769,"0.00518025079398962 to 0.00639332536827687","Eco80"
"66",0.727301791784057,0.00592185814995192,"0.00534817617320887 to 0.00661156507729014","Eco80"
"67",0.749845528604833,0.00611052188492925,"0.00551637823339836 to 0.00679802125940947","Eco80"
"68",0.773088040096022,0.00630439443641242,"0.00570502564383045 to 0.00702737283848861","Eco80"
"69",0.797050985756397,0.0065057719239812,"0.00589005768166787 to 0.00728751897536276","Eco80"
"70",0.821756696451206,0.00671461765259581,"0.00606964429103673 to 0.00750181011092121","Eco80"
"71",0.847228195222113,0.00692985742697323,"0.00625494088603139 to 0.00771601813519294","Eco80"
"72",0.873489218742181,0.00715124577604839,"0.00647934550919673 to 0.00797514338748024","Eco80"
"73",0.900564239435869,0.00737689269394901,"0.00666438237751111 to 0.00822686547203858","Eco80"
"74",0.928478488284678,0.0076157820565271,"0.0068976495750192 to 0.00849264110606638","Eco80"
"75",0.957257978339691,0.00785587211825505,"0.00710670792223667 to 0.00875126936392737","Eco80"
"76",0.986929528962909,0.00811010359933818,"0.00733838642220967 to 0.0090390635512428","Eco80"
"77",1.01752079081999,0.00837295091648018,"0.0075892526339538 to 0.00937433489605718","Eco80"
"78",1.04906027164768,0.00864259893016853,"0.0078219547697689 to 0.00962839808248323","Eco80"
"79",1.08157736281989,0.0089214972969347,"0.00806477954933506 to 0.0099567386313894","Eco80"
"80",1.11510236673733,0.00920421802760563,"0.00831167864156905 to 0.0103175376237355","Eco80"
"81",1.14966652506601,0.00950647915776826,"0.00860898514706041 to 0.0106178152910106","Eco80"
"82",1.18530204785108,0.0098127775907131,"0.00889067662356572 to 0.0109532991379559","Eco80"
"83",1.22204214353314,0.0101297241928011,"0.00915594974659822 to 0.0113299954263449","Eco80"
"84",1.25992104989487,0.0104598749732213,"0.00946710993671207 to 0.0116771765234243","Eco80"
"85",1.29897406596694,0.0108000925007019,"0.00978351733190006 to 0.0120502265289522","Eco80"
"86",1.33923758492286,0.0111489506579462,"0.0100580679759519 to 0.0124490018511049","Eco80"
"87",1.3807491279935,0.0115121047404002,"0.0104005493237926 to 0.0128592904150959","Eco80"
"88",1.42354737943276,0.0118914226250108,"0.0107540125656669 to 0.0132804363888739","Eco80"
"89",1.46767222256716,0.012278160372309,"0.0110930400613598 to 0.0137179676339074","Eco80"
"90",1.51316477696271,0.0126805381756225,"0.0114656055993799 to 0.0141271476746847","Eco80"
"91",1.56006743674393,0.0130965637550663,"0.0118071562137554 to 0.014647735093274","Eco80"
"92",1.60842391010053,0.0135272861889977,"0.0122183015190721 to 0.0150861354856659","Eco80"
"93",1.65827926001876,0.0139690618738203,"0.012629194121893 to 0.015619350267744","Eco80"
"94",1.70967994627517,0.014428005048944,"0.0130019422354873 to 0.0161509593589963","Eco80"
"95",1.7626738687321,0.014906362010869,"0.013474335797597 to 0.0166645924587696","Eco80"
"96",1.81731041197514,0.0154008159353936,"0.0139175370962261 to 0.0172517154290994","Eco80"
"97",1.87364049133426,0.0159128413866824,"0.0143510617098892 to 0.0178409602794153","Eco80"
"98",1.9317166003313,0.0164390668436818,"0.0148485430511235 to 0.0183731875818914","Eco80"
"99",1.99159285959827,0.016989682025944,"0.0153349794688001 to 0.0190225457246519","Eco80"
"100",2.05332506731191,0.0175545684136565,"0.0158239398574341 to 0.0196506505307376","Eco80"
"101",2.11697075119155,0.0181449926886968,"0.0163900372730011 to 0.0203534668246128","Eco80"
"102",2.18258922210866,0.018751991084732,"0.0168931611439887 to 0.0210073861039996","Eco80"
"103",2.25024162935818,0.019380367294617,"0.0174702073805233 to 0.0217590081007596","Eco80"
"104",2.31999101764302,0.0200351379252706,"0.0180462180528599 to 0.0224206938627495","Eco80"
"105",2.39190238582488,0.0207167875565127,"0.0186494024241492 to 0.0232111946525885","Eco80"
"106",2.46604274749614,0.0214154392548897,"0.0192805924220005 to 0.0239717828325574","Eco80"
"107",2.54248119342925,0.0221464305706281,"0.019931528110829 to 0.0248211546844241","Eco80"
"108",2.62128895596183,0.0229007661854411,"0.0206033861867448 to 0.0257459136030224","Eco80"
"109",2.70253947537751,0.0236880955438007,"0.0212719148276833 to 0.0266438068053189","Eco80"
"110",2.78630846834427,0.0244983619298922,"0.0220385839270882 to 0.0275048935162229","Eco80"
"111",2.87267399847417,0.0253407995694722,"0.0227506128202279 to 0.0284855159871788","Eco80"
"112",2.96171654907016,0.0262203389934584,"0.0235280767717424 to 0.0294309695843402","Eco80"
"113",3.05351909812782,0.0271227677852374,"0.0243607563269643 to 0.0305206437883244","Eco80"
"114",3.14816719566179,0.0280672520511514,"0.0252062726589334 to 0.0315633896009474","Eco80"
"115",3.24574904342915,0.02904990930585,"0.026071342173157 to 0.0327853427362716","Eco80"
"116",3.34635557712387,0.030065682801661,"0.0270107703479597 to 0.0338015703493496","Eco80"
"117",3.45008055111901,0.0311242602412706,"0.0279604471723338 to 0.0350687787048719","Eco80"
"118",3.55702062583561,0.0322239161601659,"0.0289288126602422 to 0.0362645542756507","Eco80"
"119",3.66727545781974,0.0333591428284044,"0.0298672017417518 to 0.0376244545913623","Eco80"
"120",3.78094779261158,0.0345529714456114,"0.0309772416155108 to 0.0390361145258507","Eco80"
"121",3.89814356049309,0.0357944474725153,"0.0320514992940541 to 0.0404213910720975","Eco80"
"122",4.01897197520357,0.0370760826000056,"0.0332136795836441 to 0.0418751968768847","Eco80"
"123",4.14354563571501,0.0384128691594762,"0.0343550404666454 to 0.0434029835827165","Eco80"
"124",4.27198063116209,0.0398102960688978,"0.035633914733873 to 0.0450998935180967","Eco80"
"125",4.40439664902468,0.0412645682624039,"0.0368691626035866 to 0.04669714576198","Eco80"
"126",4.54091708666359,0.0427803563681086,"0.0382971475770119 to 0.0483826925619933","Eco80"
"127",4.68166916631349,0.0443514532712839,"0.0395764983127466 to 0.0502734670768434","Eco80"
"128",4.82678405364029,0.0460058386650461,"0.041038254931357 to 0.05210254171574","Eco80"
"129",4.9763969799732,0.0477268795458688,"0.0425956181800039 to 0.0541690443201951","Eco80"
"130",5.13064736832579,0.0495157858167762,"0.044118439034811 to 0.0561648011868672","Eco80"
"131",5.289678963323,0.0513864058759635,"0.0457551470553121 to 0.0584619375672437","Eco80"
"132",5.45363996515558,0.0533503154177753,"0.0474659960535286 to 0.0606584708140642","Eco80"
"133",5.62268316768662,0.0553899389898283,"0.0492465935364632 to 0.0630857866797384","Eco80"
"134",5.79696610083876,0.0575274166884459,"0.0511010133926395 to 0.0655098058692486","Eco80"
"135",5.97665117739509,0.0597603100832513,"0.0530988287452202 to 0.068062138940656","Eco80"
"136",6.16190584435016,0.0621002046943268,"0.0550564264838754 to 0.0709988905961274","Eco80"
"137",6.35290273895244,0.0645554860937577,"0.0571739202696891 to 0.0738502144299706","Eco80"
"138",6.54981984958354,0.0671290989817356,"0.0593520854298474 to 0.0767520852426681","Eco80"
"139",6.75284068162399,0.0698231152943932,"0.0617274729767582 to 0.0801437627392203","Eco80"
"140",6.96215442846041,0.0726545596471746,"0.0640592925264229 to 0.0832919910024711","Eco80"
"141",7.17795614779319,0.0756237044744325,"0.0666042808626664 to 0.0869580357134508","Eco80"
"142",7.40044694340912,0.0787459244436317,"0.0694144920540119 to 0.0906888290815908","Eco80"
"143",7.62983415258826,0.0820288854633424,"0.0722105706955432 to 0.0946267515511773","Eco80"
"144",7.86633153931984,0.0854794548908537,"0.0751412042787762 to 0.0985983795878622","Eco80"
"145",8.11015949350705,0.0891175633552421,"0.07823993742717 to 0.103077745468244","Eco80"
"146",8.36154523634656,0.0929557236277901,"0.081509558314167 to 0.107592228034942","Eco80"
"147",8.62072303207401,0.0969912182527447,"0.0847472655558744 to 0.112539648730736","Eco80"
"148",8.88793440627283,0.1012595912523,"0.0883991998855842 to 0.117778945635104","Eco80"
"149",9.16342837094992,0.105771458428422,"0.092210790389406 to 0.123256151523241","Eco80"
"150",9.44746165658778,0.110545431033598,"0.0963751985833312 to 0.129095420749946","Eco80"
"151",9.7402989513895,0.115598081883998,"0.100483757964361 to 0.135157557944143","Eco80"
"152",10.0422131479394,0.120953622071377,"0.104948145400357 to 0.141801879283702","Eco80"
"153",10.3534855975095,0.126640652423683,"0.10965546986834 to 0.148791525932783","Eco80"
"154",10.6744063722478,0.132679297585364,"0.114779395901354 to 0.156053291234314","Eco80"
"155",11.005274535495,0.139112174442237,"0.1201191585549 to 0.163957344492142","Eco80"
"156",11.3463984204782,0.145960940614222,"0.125755805694051 to 0.172556649393509","Eco80"
"157",11.6980959176444,0.153273385499897,"0.131776660937968 to 0.181638118523237","Eco80"
"158",12.0606947708999,0.161079877314559,"0.138197192531139 to 0.191508094384236","Eco80"
"159",12.434532883032,0.169432479660192,"0.145182516374556 to 0.201768329013757","Eco80"
"160",12.8199586305979,0.178372083098786,"0.152283684345067 to 0.213088212653142","Eco80"
"161",13.2173311885734,0.18798772896518,"0.160141364074885 to 0.22514385119458","Eco80"
"162",13.6270208650657,0.198313138777889,"0.168529945512023 to 0.238340145007581","Eco80"
"163",14.0494094463996,0.209454218464679,"0.177507857657789 to 0.252249556346878","Eco80"
"164",14.4848905529015,0.221462518858525,"0.186984609174178 to 0.267718278487901","Eco80"
"165",14.9338700057107,0.23445953510405,"0.197479868601106 to 0.284765120659408","Eco80"
"166",15.3967662049606,0.248535177508948,"0.20870249273766 to 0.302768051032601","Eco80"
"167",15.874010519682,0.263837470835403,"0.220772363866607 to 0.32288407440546","Eco80"
"168",16.3660476897928,0.280488051236964,"0.233555624841043 to 0.34442639230365","Eco80"
"169",16.8733362405469,0.298651208843448,"0.247694209117405 to 0.368562785672059","Eco80"
"170",17.39634890983,0.318526501102484,"0.262835910962605 to 0.394758373484868","Eco80"
"171",17.9355730887002,0.340346307421343,"0.278780357622298 to 0.424383843313004","Eco80"
"172",18.4915112755836,0.36431396616773,"0.296625531909383 to 0.457356011883946","Eco80"
"173",19.064681544548,0.390730844643134,"0.316664187785572 to 0.492426328113279","Eco80"
"174",19.6556180280921,0.419939481662449,"0.338007412060791 to 0.531688175281618","Eco80"
"175",20.2648714148988,0.452254768960021,"0.361508079179976 to 0.576184352779055","Eco80"
"176",20.8930094630173,0.488168322492503,"0.388185160277498 to 0.625222278772482","Eco80"
"177",21.5406175289522,0.528168744992735,"0.417449680778209 to 0.680908675157732","Eco80"
"178",22.208299113152,0.572764268711416,"0.450868083355783 to 0.742411624827097","Eco80"
"179",22.8966764224061,0.622626759152948,"0.487810287021252 to 0.812692725303784","Eco80"
"180",23.6063909496741,0.678409226944706,"0.527932525087228 to 0.890260952221048","Eco80"
"181",24.3381040718876,0.74096221842696,"0.573378618061781 to 0.975896904646156","Eco80"
"182",25.0924976662818,0.811055101901248,"0.624323689735611 to 1.07163256421379","Eco80"
"183",25.8702747458309,0.889758085796725,"0.680514563951647 to 1.1758826986393","Eco80"
"184",26.67216011438,0.977952630097591,"0.743400011444502 to 1.29302769349099","Eco80"
"185",27.4989010420838,1.07680670686382,"0.816217215510534 to 1.42467661321063","Eco80"
"186",28.3512679617811,1.18737346370733,"0.900324173699243 to 1.57063413673051","Eco80"
"187",29.2300551869547,1.31076028037639,"0.994966594897734 to 1.72556371714215","Eco80"
"188",30.1360816519454,1.44810309655537,"1.0973846188777 to 1.90505291315639","Eco80"
"189",31.0701916751097,1.60062539212777,"1.21023418530551 to 2.0961019762561","Eco80"
"190",32.0332557456335,1.76939854376482,"1.33690085764588 to 2.30440094289383","Eco80"
"191",33.0261713347327,1.95574135142734,"1.47983279708704 to 2.53064344960579","Eco80"
"192",34.0498637319998,2.16079215071964,"1.6462000448119 to 2.77609484583432","Eco80"
"193",35.1052869076729,2.3856017280078,"1.82548695213319 to 3.05091444792344","Eco80"
"194",36.1934244016328,2.63158388995574,"2.02704314429055 to 3.34605887577075","Eco80"
"195",37.315290239955,2.89981644818641,"2.2487716762898 to 3.65771940442957","Eco80"
"196",38.4719298798725,3.19174441053411,"2.49461800210786 to 3.99170024052636","Eco80"
"197",39.664421184028,3.50876549902126,"2.76307351409194 to 4.37045949392421","Eco80"
"198",40.8938754249253,3.85248318529219,"3.05412228449761 to 4.78096014788387","Eco80"
"199",42.1614383205147,4.22430621612526,"3.37094222109766 to 5.19937956907331","Eco80"
"200",43.4682911018774,4.62596850215779,"3.71905694827914 to 5.66279807132914","Eco80"
"201",44.8156516140052,5.05911232374987,"4.0892073767998 to 6.15858480775455","Eco80"
"202",46.2047754506996,5.52569986914481,"4.48791071983889 to 6.68042070945786","Eco80"
"203",47.6369571246489,6.0277734624892,"4.93612100952349 to 7.26010279257186","Eco80"
"204",49.113531273774,6.56743993999453,"5.41369441983257 to 7.87248626386934","Eco80"
"205",50.6358739049656,7.14684709145413,"5.92079593733571 to 8.50843896525216","Eco80"
"206",52.2054036763738,7.76833174210257,"6.45673800123032 to 9.18559919228554","Eco80"
"207",53.823583219443,8.43434086363064,"7.03333858113418 to 9.91388510102539","Eco80"
"208",55.4919205019263,9.14718005979385,"7.66784331169617 to 10.6861474718972","Eco80"
"209",57.2119702331476,9.9095458923198,"8.36724804182311 to 11.5252979168361","Eco80"
"210",58.9853353128216,10.7239310320345,"9.09633466716848 to 12.4122779332794","Eco80"
"211",60.813668324783,11.5928900348913,"9.87958003104972 to 13.3406561899408","Eco80"
"212",62.6986730770151,12.5192772055657,"10.7233996599738 to 14.3370169329054","Eco80"
"213",64.642106189414,13.5057463858918,"11.6294006857503 to 15.4108716338103","Eco80"
"214",66.6457787307673,14.5548420900387,"12.600389069744 to 16.538234418798","Eco80"
"215",68.7115579064747,15.6692545713709,"13.6375804330004 to 17.7382290271015","Eco80"
"216",70.8413687985796,16.8518024824208,"14.7328589887295 to 19.015491531745","Eco80"
"217",73.0371961597376,18.1051108264291,"15.9093513386547 to 20.3440120094546","Eco80"
"218",75.3010862627905,19.4317947882645,"17.1585675684402 to 21.7686863096561","Eco80"
"219",77.6351488076701,20.834410759913,"18.4741121317505 to 23.2503075040071","Eco80"
"220",80.0415588874098,22.3154545186606,"19.8565163164731 to 24.7857835793496","Eco80"
"221",82.5225590150957,23.8776973636267,"21.3159429602874 to 26.4431318258375","Eco80"
"222",85.0804612136451,25.5234629553561,"22.8648765441142 to 28.2046259446609","Eco80"
"223",87.7176491703607,27.2551139956479,"24.5009650359792 to 30.0452269472414","Eco80"
"224",90.4365804582696,29.0753865336732,"26.2303367855283 to 31.9854469910708","Eco80"
"225",93.2397888263133,30.9867455159259,"28.0534598087012 to 33.9485221045134","Eco80"
"226",96.1298865605277,32.9916236363051,"29.9872734851589 to 36.0091053894379","Eco80"
"227",99.10956691841,35.0921150700688,"32.0200934022544 to 38.1690977920768","Eco80"
"228",102.181606638743,37.2909196605548,"34.1306806647617 to 40.460113085781","Eco80"
"229",105.348868529212,39.590418913206,"36.3383035190847 to 42.8695293153669","Eco80"
"230",108.614304134236,41.9933405952282,"38.6177004402604 to 45.3671898048952","Eco80"
"231",111.98095648548,44.5022980119394,"41.0297719456983 to 47.9972392259243","Eco80"
"232",115.451962937637,47.1197459413353,"43.5455495060217 to 50.6872963355687","Eco80"
"233",119.030558092096,49.8483015992683,"46.1813531487256 to 53.4831966042993","Eco80"
"234",122.720076811246,52.6910301277797,"48.9422375645679 to 56.4148602156689","Eco80"
"235",126.5239573262,55.6506915718879,"51.8017786326136 to 59.4780560874669","Eco80"
"236",130.445744440856,58.7306176022992,"54.799287964017 to 62.6485405154969","Eco80"
"237",134.48909283527,61.9333232494588,"57.9372566245408 to 65.9471804397616","Eco80"
"238",138.657770471422,65.2623285934942,"61.1885005112371 to 69.3544621014077","Eco80"
"239",142.955662104544,68.7210902181603,"64.5140124452166 to 72.8871130533978","Eco80"
"240",147.386772903294,72.3128737532984,"67.9998882595594 to 76.5321079355561","Eco80"
"241",151.955232182138,76.0419601732446,"71.5955915212726 to 80.3304415853458","Eco80"
"242",156.66529724942,79.9114148767833,"75.4011750182999 to 84.2918504564512","Eco80"
"243",161.521357374717,83.9254561511487,"79.3621604682487 to 88.3788299333808","Eco80"
"244",166.527937879157,88.0880167605967,"83.4286240133637 to 92.6594320871324","Eco80"
"245",171.689704352529,92.4038784364668,"87.6417701036542 to 97.0867595996503","Eco80"
"246",177.011467001107,96.8769760769207,"92.0581716262975 to 101.612609617335","Eco80"
"247",182.49818513024,101.512037873741,"96.6455533707677 to 106.325540489193","Eco80"
"248",188.154971765886,106.313971876912,"101.359276724423 to 111.204838244053","Eco80"
"249",193.987098419398,111.287447404839,"106.24867616067 to 116.311581910014","Eco80"
"250",200,116.437954099054,"111.276242117313 to 121.519922146736","Eco80"
"251",0.1,0.00082824329158778,"0.000710880610413058 to 0.0009660047205261","NTPCM"
"252",0.103099639939767,0.000854209371474936,"0.000732455398300108 to 0.000987388300853276","NTPCM"
"253",0.106295357557095,0.000880712644418177,"0.000756710791730376 to 0.00102317589499309","NTPCM"
"254",0.109590130914052,0.000907607911066981,"0.000780821398152559 to 0.00105515078105504","NTPCM"
"255",0.112987030381907,0.000935463162282844,"0.000807261760242995 to 0.00108646401980626","NTPCM"
"256",0.116489221502381,0.000964217307655257,"0.000830022722956226 to 0.00111152374564704","NTPCM"
"257",0.120099967937592,0.000993960754799491,"0.000857043612086308 to 0.00114355918870595","NTPCM"
"258",0.123822634511432,0.00102428355152942,"0.000886634744704177 to 0.0011732300183127","NTPCM"
"259",0.127660690345219,0.0010548581118146,"0.000917538103392545 to 0.00120306832172536","NTPCM"
"260",0.131617712090542,0.00108918935351642,"0.000949250719534497 to 0.00123848556922868","NTPCM"
"261",0.135697387262307,0.00112382307914758,"0.00097968916620492 to 0.00127466447010586","NTPCM"
"262",0.139903517675109,0.00115641341873191,"0.00100952434027722 to 0.00131217652821135","NTPCM"
"263",0.144240022986105,0.00119205773060936,"0.00104075921171799 to 0.00135175641090279","NTPCM"
"264",0.148710944347711,0.00122788452183009,"0.00107407118006267 to 0.00139166915406517","NTPCM"
"265",0.153320448173517,0.00126578502943832,"0.00110651981445119 to 0.00143257050884644","NTPCM"
"266",0.158072830020932,0.00130601125262414,"0.00114074084464225 to 0.00148538634887912","NTPCM"
"267",0.16297251859418,0.00134758217175711,"0.00118270552736552 to 0.00152690724632238","NTPCM"
"268",0.168024079871369,0.0013896481183352,"0.00122414676591918 to 0.00156943275904409","NTPCM"
"269",0.173232221359487,0.00143165156975355,"0.00126670928661078 to 0.00161400948982224","NTPCM"
"270",0.178601796481291,0.00147553749790959,"0.00131146048862378 to 0.00166093128500055","NTPCM"
"271",0.184137809098165,0.00151979957748724,"0.00134837823698956 to 0.00171307525248973","NTPCM"
"272",0.189845418173183,0.00156826227462215,"0.00139852964650785 to 0.00175877392253413","NTPCM"
"273",0.195729942578696,0.00161704687796302,"0.00142963648220643 to 0.00181866506850409","NTPCM"
"274",0.201796866052947,0.00167000629735909,"0.00147593359810991 to 0.00186988904002088","NTPCM"
"275",0.208051842310322,0.00172184506559844,"0.00153154636485392 to 0.00192910332431163","NTPCM"
"276",0.214500700309993,0.00177519368219939,"0.00157836324406612 to 0.00198643379822201","NTPCM"
"277",0.22114944968788,0.00183096768849201,"0.00163273888439284 to 0.00204126885365182","NTPCM"
"278",0.228004286356979,0.00188862369781497,"0.00167502424659722 to 0.00210820130888267","NTPCM"
"279",0.23507159828128,0.00194987524173314,"0.00174028637580651 to 0.00218506839943236","NTPCM"
"280",0.242357971428654,0.00200876167324892,"0.00179326291345815 to 0.00225837664602693","NTPCM"
"281",0.249870195908265,0.00207150004842922,"0.00184875758819677 to 0.00233002480325098","NTPCM"
"282",0.25761527229821,0.0021338858975821,"0.0018968368943863 to 0.00239960389445083","NTPCM"
"283",0.265600418169304,0.00220385529234243,"0.00197479165350535 to 0.00247318001183443","NTPCM"
"284",0.273833074811067,0.00227260167355074,"0.00202955306629466 to 0.0025571194272884","NTPCM"
"285",0.282320914166201,0.00234489811452978,"0.00209999876014746 to 0.00262871445696727","NTPCM"
"286",0.291071845980011,0.00241543896804142,"0.0021570044988604 to 0.00271342406161477","NTPCM"
"287",0.300094025171423,0.00249038414283299,"0.0022382068279185 to 0.00279096689166144","NTPCM"
"288",0.30939585943249,0.00257153173053516,"0.00230432499218082 to 0.0028811166898633","NTPCM"
"289",0.318986017063443,0.00264930328291118,"0.00238324568954941 to 0.00296395664771873","NTPCM"
"290",0.328873435050612,0.0027322980192389,"0.00245575955681826 to 0.00305476309238358","NTPCM"
"291",0.339067327394723,0.00281723810841094,"0.00252747192775433 to 0.003147346207687","NTPCM"
"292",0.349577193697349,0.00290747599605619,"0.00261099944807367 to 0.00325363858478019","NTPCM"
"293",0.360412828013507,0.00299697996043831,"0.00269799883888371 to 0.00336848873434865","NTPCM"
"294",0.371584327978656,0.00309167346096435,"0.00278796935272591 to 0.00345436697974796","NTPCM"
"295",0.383102104218596,0.00319096133282307,"0.00287532305037828 to 0.00357640335518798","NTPCM"
"296",0.394976890051041,0.003288902268288,"0.00296823742191429 to 0.00368430446665822","NTPCM"
"297",0.407219751487911,0.00339276618880209,"0.00304995925243531 to 0.003787562686239","NTPCM"
"298",0.419842097547649,0.00350076788847103,"0.00315220938431038 to 0.00391877069486126","NTPCM"
"299",0.43285569088719,0.00361317670822207,"0.00325966648389699 to 0.00402166904943585","NTPCM"
"300",0.446272658763481,0.00372663402035555,"0.00335550285231047 to 0.00418717977743352","NTPCM"
"301",0.460105504334772,0.00384252125777532,"0.00344965090923204 to 0.0042927788683668","NTPCM"
"302",0.474367118312197,0.0039661416856944,"0.00357677804942513 to 0.00444628742490947","NTPCM"
"303",0.489070790972522,0.00408917784830688,"0.00367441415586883 to 0.00458258144987045","NTPCM"
"304",0.504230224543238,0.00421998851925318,"0.00380383005245293 to 0.00471521537688406","NTPCM"
"305",0.519859545971555,0.00435064761537807,"0.00390642758608143 to 0.00486170741863821","NTPCM"
"306",0.535973320089178,0.00449049252245881,"0.00404709663143324 to 0.0050123397854637","NTPCM"
"307",0.552586563185156,0.00463032205741467,"0.00417270906752856 to 0.00517695416726768","NTPCM"
"308",0.569714756999426,0.0047781406703087,"0.00430770422197413 to 0.00532902689227243","NTPCM"
"309",0.587373863150124,0.00492894568692706,"0.00443228222549863 to 0.00552984455863753","NTPCM"
"310",0.605580338008075,0.00508497627299131,"0.00457319686873295 to 0.00568637727206338","NTPCM"
"311",0.624351148032347,0.00524695984008822,"0.00474702482442738 to 0.00585192855457198","NTPCM"
"312",0.643703785581148,0.00541449820208765,"0.00486316854822338 to 0.00606770090282357","NTPCM"
"313",0.663656285212811,0.00558417301627127,"0.00501587213238597 to 0.00624878079426859","NTPCM"
"314",0.684227240492038,0.00576634633888864,"0.00519262976456121 to 0.00645332508496062","NTPCM"
"315",0.705435821317092,0.00594853288256453,"0.0053613464187082 to 0.00664498574542751","NTPCM"
"316",0.727301791784057,0.00613668538312144,"0.00554062727678876 to 0.00686949606383266","NTPCM"
"317",0.749845528604833,0.00633329410587303,"0.00571911988649095 to 0.00708968746696041","NTPCM"
"318",0.773088040096022,0.00653175936013326,"0.00588567884003256 to 0.00731809991703614","NTPCM"
"319",0.797050985756397,0.0067452562405509,"0.00608375447877804 to 0.00758270105572351","NTPCM"
"320",0.821756696451206,0.00695754710234315,"0.00625798827926489 to 0.00777434176703532","NTPCM"
"321",0.847228195222113,0.00718147466909792,"0.00648073923375018 to 0.00802002544923676","NTPCM"
"322",0.873489218742181,0.00741245660596982,"0.00667548182547613 to 0.0083197833316182","NTPCM"
"323",0.900564239435869,0.00764813979104914,"0.00690832836664664 to 0.00854200438974886","NTPCM"
"324",0.928478488284678,0.00789486033613135,"0.00711220710941343 to 0.00884221830686915","NTPCM"
"325",0.957257978339691,0.00814940497160901,"0.00734892630064291 to 0.00912651013271057","NTPCM"
"326",0.986929528962909,0.00841333677910375,"0.00759200141675546 to 0.00942609771585765","NTPCM"
"327",1.01752079081999,0.00868158993238462,"0.00781910642375375 to 0.00970065766481817","NTPCM"
"328",1.04906027164768,0.00896519947201417,"0.00806321413712371 to 0.010048563924603","NTPCM"
"329",1.08157736281989,0.0092493142362486,"0.00834295577079139 to 0.0103681613194008","NTPCM"
"330",1.11510236673733,0.00955074100304198,"0.00863236658717986 to 0.0106725386914904","NTPCM"
"331",1.14966652506601,0.00986207944094565,"0.00888030810088728 to 0.0110230150019399","NTPCM"
"332",1.18530204785108,0.0101821619430122,"0.00915967082435476 to 0.0113521529230258","NTPCM"
"333",1.22204214353314,0.0105115541921736,"0.00943344728076747 to 0.011789529359776","NTPCM"
"334",1.25992104989487,0.0108571686248671,"0.00978221360473064 to 0.0121505571181857","NTPCM"
"335",1.29897406596694,0.0112083027487969,"0.0100967363524983 to 0.0125550320200889","NTPCM"
"336",1.33923758492286,0.0115728118985954,"0.0104336781544248 to 0.0130043826236359","NTPCM"
"337",1.3807491279935,0.011952952544833,"0.0107284371341235 to 0.0133905618966312","NTPCM"
"338",1.42354737943276,0.0123460552578232,"0.0110974272876124 to 0.0138409665269796","NTPCM"
"339",1.46767222256716,0.0127496119589371,"0.011486388947467 to 0.0143020683290368","NTPCM"
"340",1.51316477696271,0.0131667877825258,"0.0118387237817372 to 0.0147333960748153","NTPCM"
"341",1.56006743674393,0.0136008716174471,"0.0122338058937352 to 0.0152383466388247","NTPCM"
"342",1.60842391010053,0.0140497310395477,"0.0126575837209715 to 0.015761882392709","NTPCM"
"343",1.65827926001876,0.0145150290684322,"0.0130634179243964 to 0.0162734255037263","NTPCM"
"344",1.70967994627517,0.0149974613277136,"0.0135020851936842 to 0.0168687392227413","NTPCM"
"345",1.7626738687321,0.0154945878774633,"0.0139245707779499 to 0.0174061757082015","NTPCM"
"346",1.81731041197514,0.0160076117502953,"0.0143858097199897 to 0.0179622917032894","NTPCM"
"347",1.87364049133426,0.0165423969864618,"0.0148692805382836 to 0.0185673831127918","NTPCM"
"348",1.9317166003313,0.017097479883433,"0.0153505817347632 to 0.0191837660531484","NTPCM"
"349",1.99159285959827,0.0176681615797283,"0.0158896397800086 to 0.019848547862883","NTPCM"
"350",2.05332506731191,0.0182601136390045,"0.0164348595244061 to 0.0205040134599072","NTPCM"
"351",2.11697075119155,0.0188772863588121,"0.0169374941258721 to 0.0212970213807912","NTPCM"
"352",2.18258922210866,0.0195122920131491,"0.0175353236347929 to 0.0220104865928438","NTPCM"
"353",2.25024162935818,0.0201726185773883,"0.0181279885357512 to 0.0227297123315776","NTPCM"
"354",2.31999101764302,0.0208604647479262,"0.018701866826193 to 0.0234342516071821","NTPCM"
"355",2.39190238582488,0.0215711460126503,"0.0193009538344779 to 0.0241620934906581","NTPCM"
"356",2.46604274749614,0.0223059498347504,"0.0200205587783993 to 0.0250777438285576","NTPCM"
"357",2.54248119342925,0.0230701350366671,"0.0206929189048424 to 0.0259740201793967","NTPCM"
"358",2.62128895596183,0.0238593719351298,"0.021376848699361 to 0.0268381209960276","NTPCM"
"359",2.70253947537751,0.0246877447340377,"0.0221138023001094 to 0.0278119773196851","NTPCM"
"360",2.78630846834427,0.0255392448961996,"0.0228489324139245 to 0.0287935298929255","NTPCM"
"361",2.87267399847417,0.0264222451230357,"0.0236090372692044 to 0.0297809024268482","NTPCM"
"362",2.96171654907016,0.0273455728870117,"0.024477164056982 to 0.0308398589773316","NTPCM"
"363",3.05351909812782,0.0283034797135809,"0.025300870418935 to 0.0319248024576254","NTPCM"
"364",3.14816719566179,0.0293014550238497,"0.0261513343113047 to 0.0332065450516675","NTPCM"
"365",3.24574904342915,0.0303246231388281,"0.0271179255272056 to 0.0342426616273442","NTPCM"
"366",3.34635557712387,0.0314007573252628,"0.0280582429705867 to 0.0355410308700515","NTPCM"
"367",3.45008055111901,0.0325161027834829,"0.0290049426863656 to 0.0367395671016169","NTPCM"
"368",3.55702062583561,0.0336774322918392,"0.0300989884309579 to 0.0380762656156509","NTPCM"
"369",3.66727545781974,0.0348884053879942,"0.0310900065643727 to 0.0395274139969495","NTPCM"
"370",3.78094779261158,0.0361451049939097,"0.0321945288803093 to 0.0410185980420318","NTPCM"
"371",3.89814356049309,0.0374487970851703,"0.0333892280493487 to 0.0425494762454547","NTPCM"
"372",4.01897197520357,0.0388184669548074,"0.034574051314749 to 0.0440482215196373","NTPCM"
"373",4.14354563571501,0.0402399983567719,"0.0358262882274115 to 0.045693688792894","NTPCM"
"374",4.27198063116209,0.041722673718432,"0.0371630162080624 to 0.0474537268802942","NTPCM"
"375",4.40439664902468,0.0432704199463496,"0.0384588214133583 to 0.0492116232128753","NTPCM"
"376",4.54091708666359,0.0448788559384364,"0.0398151967682549 to 0.051080640597325","NTPCM"
"377",4.68166916631349,0.0465626030730329,"0.0414075803040446 to 0.0530490333210048","NTPCM"
"378",4.82678405364029,0.0483217858341369,"0.04285351967199 to 0.0551573842838308","NTPCM"
"379",4.9763969799732,0.0501639219444247,"0.0444702706472934 to 0.0573869280953364","NTPCM"
"380",5.13064736832579,0.0520785298447566,"0.0461234067824285 to 0.0595944424565812","NTPCM"
"381",5.289678963323,0.0540877991715846,"0.0478483024498197 to 0.0619112245873934","NTPCM"
"382",5.45363996515558,0.0561868240002802,"0.0496840395402013 to 0.0644391786311845","NTPCM"
"383",5.62268316768662,0.0583799969508024,"0.0515488681210897 to 0.0671549069652686","NTPCM"
"384",5.79696610083876,0.0606839883043125,"0.0535792385025238 to 0.0698778089763182","NTPCM"
"385",5.97665117739509,0.0630999167912928,"0.0556833108137322 to 0.0726609972283811","NTPCM"
"386",6.16190584435016,0.0656338077682158,"0.0577137729594745 to 0.0755572757923004","NTPCM"
"387",6.35290273895244,0.068283178850402,"0.0599586022880746 to 0.0786704265453329","NTPCM"
"388",6.54981984958354,0.0710703596078539,"0.062469967647295 to 0.0820000521575639","NTPCM"
"389",6.75284068162399,0.0740017412473135,"0.0648375940460488 to 0.0856939624602898","NTPCM"
"390",6.96215442846041,0.0770847857446243,"0.0675648592402621 to 0.0892657861926501","NTPCM"
"391",7.17795614779319,0.0803341755761689,"0.0701632656238332 to 0.0931461778582305","NTPCM"
"392",7.40044694340912,0.0837530303031566,"0.0731931456843944 to 0.0974343506793178","NTPCM"
"393",7.62983415258826,0.0873497047201621,"0.0761808301888038 to 0.101666985782995","NTPCM"
"394",7.86633153931984,0.0911598996952401,"0.0792384637058113 to 0.106388686053134","NTPCM"
"395",8.11015949350705,0.0951889851941313,"0.0827002726939752 to 0.11126237954298","NTPCM"
"396",8.36154523634656,0.0994322398288156,"0.0862475908587969 to 0.116414944426923","NTPCM"
"397",8.62072303207401,0.103934923327437,"0.0898722707124103 to 0.121899769815416","NTPCM"
"398",8.88793440627283,0.108704789032995,"0.0938697269025743 to 0.12792762974612","NTPCM"
"399",9.16342837094992,0.113772838267428,"0.0980116483844132 to 0.134033476764124","NTPCM"
"400",9.44746165658778,0.119151224904332,"0.102250521446301 to 0.140661144951114","NTPCM"
"401",9.7402989513895,0.124878802753999,"0.106956821831174 to 0.147773642013355","NTPCM"
"402",10.0422131479394,0.130975594714496,"0.111935103061198 to 0.155831271459532","NTPCM"
"403",10.3534855975095,0.137489822587522,"0.117143678013716 to 0.163829193554048","NTPCM"
"404",10.6744063722478,0.144455118383435,"0.123028365656987 to 0.172650126563393","NTPCM"
"405",11.005274535495,0.15189939133507,"0.128953066443092 to 0.182511337041761","NTPCM"
"406",11.3463984204782,0.159910833935441,"0.135211318799952 to 0.193075332386054","NTPCM"
"407",11.6980959176444,0.168513119011122,"0.142016537814314 to 0.20436054743859","NTPCM"
"408",12.0606947708999,0.177781905521185,"0.149340385788734 to 0.216449957125319","NTPCM"
"409",12.434532883032,0.187784424121887,"0.157090198469788 to 0.229728055575382","NTPCM"
"410",12.8199586305979,0.198615109877557,"0.16561826452761 to 0.243971839110839","NTPCM"
"411",13.2173311885734,0.210381707288258,"0.174581354668639 to 0.260123167355783","NTPCM"
"412",13.6270208650657,0.223170244008537,"0.184483480888494 to 0.277486643649581","NTPCM"
"413",14.0494094463996,0.237146425411393,"0.194939061916924 to 0.296571068028048","NTPCM"
"414",14.4848905529015,0.252462241669744,"0.206346223385917 to 0.317207374359747","NTPCM"
"415",14.9338700057107,0.269293567308943,"0.219002989702199 to 0.340672940082165","NTPCM"
"416",15.3967662049606,0.287885620680273,"0.23259799180005 to 0.367383387242584","NTPCM"
"417",15.874010519682,0.308479328815275,"0.247051971837935 to 0.397746563423522","NTPCM"
"418",16.3660476897928,0.331449729762737,"0.26348789530287 to 0.430944716934907","NTPCM"
"419",16.8733362405469,0.357152106859342,"0.280904650366655 to 0.470207507383507","NTPCM"
"420",17.39634890983,0.386087092326873,"0.300331424526721 to 0.513831765809663","NTPCM"
"421",17.9355730887002,0.418894169941675,"0.322171174250248 to 0.566290253997622","NTPCM"
"422",18.4915112755836,0.456317129885692,"0.346780680216922 to 0.626364123845525","NTPCM"
"423",19.064681544548,0.499363055971706,"0.374396574157298 to 0.697214951447149","NTPCM"
"424",19.6556180280921,0.549213487295315,"0.405038644426799 to 0.781931918434485","NTPCM"
"425",20.2648714148988,0.607507548830707,"0.440091949928335 to 0.882920747406877","NTPCM"
"426",20.8930094630173,0.676352325229904,"0.480430945619858 to 1.00549127621445","NTPCM"
"427",21.5406175289522,0.758416328260559,"0.526520252325204 to 1.15708098279638","NTPCM"
"428",22.208299113152,0.857138205732754,"0.580461278774267 to 1.34164865510511","NTPCM"
"429",22.8966764224061,0.977194250435375,"0.642251134237 to 1.57066637116797","NTPCM"
"430",23.6063909496741,1.12423936742696,"0.717214257405363 to 1.85364177058025","NTPCM"
"431",24.3381040718876,1.30543681700929,"0.806170177650808 to 2.19402099736221","NTPCM"
"432",25.0924976662818,1.52927042692194,"0.914246593478606 to 2.61211407331121","NTPCM"
"433",25.8702747458309,1.80494884384743,"1.04735717538819 to 3.0974823051081","NTPCM"
"434",26.67216011438,2.14175296746327,"1.21136024259894 to 3.64439217363194","NTPCM"
"435",27.4989010420838,2.5482274962337,"1.41608529534538 to 4.267497362574","NTPCM"
"436",28.3512679617811,3.03001452915953,"1.67209863110197 to 4.94398632282494","NTPCM"
"437",29.2300551869547,3.58976150103342,"1.99933847103384 to 5.67888121452289","NTPCM"
"438",30.1360816519454,4.22708638967837,"2.41052829222311 to 6.473714188964","NTPCM"
"439",31.0701916751097,4.93920247705809,"2.91529826828681 to 7.3130477225356","NTPCM"
"440",32.0332557456335,5.72071543277137,"3.5140893055736 to 8.20178413371381","NTPCM"
"441",33.0261713347327,6.56492154873537,"4.21157678087485 to 9.1177691290369","NTPCM"
"442",34.0498637319998,7.46736475607518,"4.99449869127283 to 10.0854350995164","NTPCM"
"443",35.1052869076729,8.42320416607454,"5.85407678282882 to 11.0963857165688","NTPCM"
"444",36.1934244016328,9.42778847751226,"6.78733732054182 to 12.1395685840316","NTPCM"
"445",37.315290239955,10.4786838695311,"7.77343253302211 to 13.2306868507111","NTPCM"
"446",38.4719298798725,11.575064607584,"8.83147313765194 to 14.345665636105","NTPCM"
"447",39.664421184028,12.7162819174213,"9.9322702474204 to 15.5107799340179","NTPCM"
"448",40.8938754249253,13.9015180493073,"11.093566569589 to 16.7141543181199","NTPCM"
"449",42.1614383205147,15.1309720351701,"12.2942583751746 to 17.9618632691075","NTPCM"
"450",43.4682911018774,16.404593419008,"13.5494170818196 to 19.2436163338095","NTPCM"
"451",44.8156516140052,17.7223873936906,"14.8443932421724 to 20.5634827224551","NTPCM"
"452",46.2047754506996,19.0858853430835,"16.2002599525648 to 21.9445108821558","NTPCM"
"453",47.6369571246489,20.4948321208913,"17.5967079236523 to 23.3688349180603","NTPCM"
"454",49.113531273774,21.9506142580931,"19.0432269389713 to 24.8131444282243","NTPCM"
"455",50.6358739049656,23.453745927843,"20.5390340970002 to 26.3288115287985","NTPCM"
"456",52.2054036763738,25.0062465612817,"22.0856367217629 to 27.8918628331112","NTPCM"
"457",53.823583219443,26.6092297761129,"23.6804017288735 to 29.5037552602372","NTPCM"
"458",55.4919205019263,28.2630066030619,"25.3294339678954 to 31.148078402532","NTPCM"
"459",57.2119702331476,29.9699806996374,"27.0309573934601 to 32.8627373836906","NTPCM"
"460",58.9853353128216,31.7318752529171,"28.7963984940489 to 34.6308714185208","NTPCM"
"461",60.813668324783,33.5494647122273,"30.6025490407872 to 36.454128427936","NTPCM"
"462",62.6986730770151,35.4237251269267,"32.470482244715 to 38.3209553393445","NTPCM"
"463",64.642106189414,37.3578176332915,"34.407387084728 to 40.2600024833193","NTPCM"
"464",66.6457787307673,39.3530402580433,"36.4047248327813 to 42.2594193547989","NTPCM"
"465",68.7115579064747,41.4108218285982,"38.4463137150034 to 44.321069333593","NTPCM"
"466",70.8413687985796,43.5324876664487,"40.5706956105553 to 46.4468737858059","NTPCM"
"467",73.0371961597376,45.7210511262877,"42.7612552679383 to 48.6291612967366","NTPCM"
"468",75.3010862627905,47.9786511468069,"45.0200342239452 to 50.8895670628544","NTPCM"
"469",77.6351488076701,50.3067637091465,"47.3357965275324 to 53.2202490401645","NTPCM"
"470",80.0415588874098,52.7071661121788,"49.7377919150908 to 55.623379259881","NTPCM"
"471",82.5225590150957,55.1821248421263,"52.2145088031177 to 58.1011972619262","NTPCM"
"472",85.0804612136451,57.7349198525921,"54.7682553373294 to 60.6488947292689","NTPCM"
"473",87.7176491703607,60.3675867558052,"57.4014114400079 to 63.2832997414711","NTPCM"
"474",90.4365804582696,63.0823491778716,"60.1067189317166 to 65.9995311246353","NTPCM"
"475",93.2397888263133,65.8810004317873,"62.9064218449657 to 68.8001201681428","NTPCM"
"476",96.1298865605277,68.7665317899859,"65.7933072605822 to 71.6876767702422","NTPCM"
"477",99.10956691841,71.7419948755667,"68.7694996940672 to 74.6648918703854","NTPCM"
"478",102.181606638743,74.8105201572542,"71.8383385222117 to 77.7345399570751","NTPCM"
"479",105.348868529212,77.9747198266823,"74.9953366152181 to 80.8944898618399","NTPCM"
"480",108.614304134236,81.2371604433964,"78.2579734629482 to 84.1578237741267","NTPCM"
"481",111.98095648548,84.6006241655136,"81.6219106894152 to 87.5224372610985","NTPCM"
"482",115.451962937637,88.0683370180278,"85.0904497762904 to 90.9914658096462","NTPCM"
"483",119.030558092096,91.6435339411866,"88.6663230799063 to 94.5681422082722","NTPCM"
"484",122.720076811246,95.3301359854537,"92.3533629558525 to 98.2557995598099","NTPCM"
"485",126.5239573262,99.1315677648409,"96.1548387522866 to 102.057874387619","NTPCM"
"486",130.445744440856,103.051268464596,"100.06927445601 to 105.977909838149","NTPCM"
"487",134.48909283527,107.092560634133,"104.1105099872 to 110.016131933887","NTPCM"
"488",138.657770471422,111.259195194479,"108.277137991454 to 114.183263756233","NTPCM"
"489",142.955662104544,115.554941244123,"112.573041340155 to 118.479655856214","NTPCM"
"490",147.386772903294,119.983686203715,"117.002223373732 to 122.909312022503","NTPCM"
"491",151.955232182138,124.549698388542,"121.568811632442 to 127.4763602304","NTPCM"
"492",156.66529724942,129.257556231108,"126.277061702858 to 132.185056488709","NTPCM"
"493",161.521357374717,134.111805840455,"131.131361183708 to 137.039788805938","NTPCM"
"494",166.527937879157,139.116811248164,"136.132789396117 to 142.045081279501","NTPCM"
"495",171.689704352529,144.277154225707,"141.293002301689 to 147.205598311736","NTPCM"
"496",177.011467001107,149.597580853616,"146.613257932556 to 152.526148956666","NTPCM"
"497",182.49818513024,155.082948094731,"152.098514203846 to 158.011691401565","NTPCM"
"498",188.154971765886,160.738422229456,"157.753882792544 to 163.665172991962","NTPCM"
"499",193.987098419398,166.569192746236,"163.584633901072 to 169.496258264121","NTPCM"
"500",200,172.58067621722,"169.59620116859 to 175.508149684244","NTPCM"
"501",0.1,0.0199850419216165,"0.017655444877585 to 0.0210526323684211","WMCM"
"502",0.103099639939767,0.0205659404836105,"0.0182035572514605 to 0.021705188145214","WMCM"
"503",0.106295357557095,0.0211722003810673,"0.018768712955938 to 0.0223779708014937","WMCM"
"504",0.109590130914052,0.0217749774788468,"0.0193514436476874 to 0.0230716072976953","WMCM"
"505",0.112987030381907,0.0224188173814595,"0.0199522976739948 to 0.0237867440277699","WMCM"
"506",0.116489221502381,0.0230921037553653,"0.0205718406032841 to 0.0245240474215538","WMCM"
"507",0.120099967937592,0.0237657916291038,"0.0212106557728995 to 0.0252842045658088","WMCM"
"508",0.123822634511432,0.0244679991174552,"0.0218693448547351 to 0.026067923844512","WMCM"
"509",0.127660690345219,0.0252070507633495,"0.0225485284393199 to 0.0268759355989936","WMCM"
"510",0.131617712090542,0.0259689811342921,"0.0232488466389832 to 0.0277089928085351","WMCM"
"511",0.135697387262307,0.0267509045715689,"0.0239709597107559 to 0.0285678717920646","WMCM"
"512",0.139903517675109,0.0275668965489995,"0.0247155486996807 to 0.0294533729316019","WMCM"
"513",0.144240022986105,0.0284046227454921,"0.0254833161032322 to 0.0303663214181274","WMCM"
"514",0.148710944347711,0.0292606074311479,"0.026274986557573 to 0.0313075680205707","WMCM"
"515",0.153320448173517,0.030150621452212,"0.0270913075463992 to 0.0322779898786351","WMCM"
"516",0.158072830020932,0.0310683921334259,"0.0279330501331541 to 0.0332784913201962","WMCM"
"517",0.16297251859418,0.0320132748026398,"0.0288010097174237 to 0.0343100047040379","WMCM"
"518",0.168024079871369,0.0329820270634824,"0.0296960068163499 to 0.0353734912887092","WMCM"
"519",0.173232221359487,0.0339922369442129,"0.0306188878719363 to 0.0364699421283131","WMCM"
"520",0.178601796481291,0.0350242527067003,"0.0315705260851492 to 0.0376003789960612","WMCM"
"521",0.184137809098165,0.0361018913590901,"0.0325518222777535 to 0.0387658553364558","WMCM"
"522",0.189845418173183,0.037212740426387,"0.0335637057828565 to 0.0399674572469859","WMCM"
"523",0.195729942578696,0.0383546320417858,"0.0346071353651724 to 0.0412063044902518","WMCM"
"524",0.201796866052947,0.0395323925044694,"0.0356831001720545 to 0.0424835515374626","WMCM"
"525",0.208051842310322,0.0407452443408105,"0.0367926207163889 to 0.0438003886442782","WMCM"
"526",0.214500700309993,0.042002912153588,"0.0379367498924777 to 0.0451580429599984","WMCM"
"527",0.22114944968788,0.0432946247647786,"0.0391165740260896 to 0.0465577796711326","WMCM"
"528",0.228004286356979,0.0446318906497526,"0.0403332139598974 to 0.0480009031804167","WMCM"
"529",0.23507159828128,0.0460169887778905,"0.0415878261755729 to 0.0494887583223748","WMCM"
"530",0.242357971428654,0.0474453157629907,"0.0428816039538535 to 0.0510227316165588","WMCM"
"531",0.249870195908265,0.0489110359489589,"0.0442157785739529 to 0.0526042525596347","WMCM"
"532",0.25761527229821,0.0504220986170951,"0.045591620553738 to 0.054234794957518","WMCM"
"533",0.265600418169304,0.0519831321179262,"0.0470104409321499 to 0.0559158782988009","WMCM"
"534",0.273833074811067,0.0535951248865757,"0.0484735925954087 to 0.0576490691707509","WMCM"
"535",0.282320914166201,0.0552572336565805,"0.0499824716485981 to 0.0594359827192003","WMCM"
"536",0.291071845980011,0.0569745876030416,"0.051538518834294 to 0.0612782841536866","WMCM"
"537",0.300094025171423,0.0587406523028949,"0.0531432209999635 to 0.063177690299247","WMCM"
"538",0.30939585943249,0.0605565260296518,"0.0547981126159337 to 0.0651359711963136","WMCM"
"539",0.318986017063443,0.0624266901425597,"0.0565047773457987 to 0.0671549517501986","WMCM"
"540",0.328873435050612,0.064369034756851,"0.0582648496712105 to 0.0692365134317079","WMCM"
"541",0.339067327394723,0.0663671799750097,"0.0600800165730768 to 0.0713825960304681","WMCM"
"542",0.349577193697349,0.0684208401848164,"0.0619520192712729 to 0.0735951994625998","WMCM"
"543",0.360412828013507,0.0705444713326016,"0.0638826550250566 to 0.0759325246689887","WMCM"
"544",0.371584327978656,0.0727395871126047,"0.06587377899647 to 0.0782865975076276","WMCM"
"545",0.383102104218596,0.0750047377468339,"0.0679273061790986 to 0.0829678855241022","WMCM"
"546",0.394976890051041,0.0773407034485086,"0.0700452133946618 to 0.0855584597726323","WMCM"
"547",0.407219751487911,0.0797566906344126,"0.072229541360007 to 0.0882305059580114","WMCM"
"548",0.419842097547649,0.0822427403896261,"0.0744823968271847 to 0.0909866219303458","WMCM"
"549",0.43285569088719,0.0848092113201953,"0.076805954799396 to 0.0938294905006587","WMCM"
"550",0.446272658763481,0.0874593851094187,"0.0792024608257175 to 0.0967618823417152","WMCM"
"551",0.460105504334772,0.0901865182487607,"0.0816742333776283 to 0.0997866589944842","WMCM"
"552",0.474367118312197,0.0930043294992416,"0.0842236663104917 to 0.102906775984397","WMCM"
"553",0.489070790972522,0.0959125595113621,"0.0868532314132737 to 0.106125286051743","WMCM"
"554",0.504230224543238,0.0989080130513861,"0.0895654810499203 to 0.109445342500722","WMCM"
"555",0.519859545971555,0.101998759888015,"0.0923630508959535 to 0.112870202671868","WMCM"
"556",0.535973320089178,0.105186833290588,"0.0952486627740027 to 0.116403231542751","WMCM"
"557",0.552586563185156,0.108480718382722,"0.098225127592136 to 0.120047905462095","WMCM"
"558",0.569714756999426,0.111871889772673,"0.101295348389024 to 0.12380781602262","WMCM"
"559",0.587373863150124,0.115371567222175,"0.10446232349014 to 0.127686674078197","WMCM"
"560",0.605580338008075,0.118984772213344,"0.107729149779361 to 0.131688313911108","WMCM"
"561",0.624351148032347,0.12270635433725,"0.111099026090557 to 0.135816697555447","WMCM"
"562",0.643703785581148,0.126562593272582,"0.114575256723894 to 0.140075919282966","WMCM"
"563",0.663656285212811,0.130543205758832,"0.11816125509182 to 0.144470210257945","WMCM"
"564",0.684227240492038,0.134644680694014,"0.121860547499905 to 0.149005704374323","WMCM"
"565",0.705435821317092,0.13887163857573,"0.12567677706791 to 0.153686160230269","WMCM"
"566",0.727301791784057,0.143227452457158,"0.12961370779668 to 0.158515497879172","WMCM"
"567",0.749845528604833,0.147722562474105,"0.133675228786746 to 0.16349856349228","WMCM"
"568",0.773088040096022,0.152360293378861,"0.137865358614686 to 0.168640367266284","WMCM"
"569",0.797050985756397,0.15714735677399,"0.142188249873626 to 0.173946089307976","WMCM"
"570",0.821756696451206,0.162082364249265,"0.146648193884486 to 0.179421085745481","WMCM"
"571",0.847228195222113,0.167176832713793,"0.151249625584873 to 0.185070895075338","WMCM"
"572",0.873489218742181,0.172447023576484,"0.155997128602798 to 0.190901244755058","WMCM"
"573",0.900564239435869,0.177885458604083,"0.160895440522715 to 0.196918058051202","WMCM"
"574",0.928478488284678,0.183493848117273,"0.165949458351682 to 0.203127461153427","WMCM"
"575",0.957257978339691,0.189281496984545,"0.171164244193772 to 0.209535790565361","WMCM"
"576",0.986929528962909,0.195250787869057,"0.176545031141182 to 0.216149600783626","WMCM"
"577",1.01752079081999,0.201422670268318,"0.182097229390894 to 0.222975672276771","WMCM"
"578",1.04906027164768,0.20778404248652,"0.187826432596044 to 0.23002101977635","WMCM"
"579",1.08157736281989,0.214346743992078,"0.193738424461557 to 0.23729290089286","WMCM"
"580",1.11510236673733,0.221128596245014,"0.199839185594038 to 0.244798825069774","WMCM"
"581",1.14966652506601,0.228123243658574,"0.206134900616248 to 0.252546562889392","WMCM"
"582",1.18530204785108,0.235342541719454,"0.212631965556962 to 0.260544155744795","WMCM"
"583",1.22204214353314,0.242807458747537,"0.219336995527456 to 0.268799925892716","WMCM"
"584",1.25992104989487,0.250500528848812,"0.226256832696263 to 0.277322486902715","WMCM"
"585",1.29897406596694,0.258434859580374,"0.233398554574375 to 0.286120754518632","WMCM"
"586",1.33923758492286,0.266616881109118,"0.240769482623521 to 0.295203957948873","WMCM"
"587",1.3807491279935,0.275074941167245,"0.248377191200627 to 0.304581651602717","WMCM"
"588",1.42354737943276,0.283808572254111,"0.256229516852154 to 0.314263727290439","WMCM"
"589",1.46767222256716,0.292834845103494,"0.264334567972451 to 0.3242604269057","WMCM"
"590",1.51316477696271,0.301798430095033,"0.272700734840895 to 0.334582238625968","WMCM"
"591",1.56006743674393,0.311224656078251,"0.281336700053103 to 0.345240114372765","WMCM"
"592",1.60842391010053,0.321040724889393,"0.290251449362093 to 0.356245551344535","WMCM"
"593",1.65827926001876,0.331281222761887,"0.299454282945904 to 0.367610327353296","WMCM"
"594",1.70967994627517,0.341871089645146,"0.30895482711875 to 0.379346641540813","WMCM"
"595",1.7626738687321,0.352813063494863,"0.318763046503458 to 0.391467130374997","WMCM"
"596",1.81731041197514,0.36411712585804,"0.328889256683566 to 0.403984884276669","WMCM"
"597",1.87364049133426,0.375802464653044,"0.339350729210445 to 0.416913464900739","WMCM"
"598",1.9317166003313,0.387887452352869,"0.350158831191356 to 0.430266923096633","WMCM"
"599",1.99159285959827,0.40036326520815,"0.361319311577366 to 0.444059817573519","WMCM"
"600",2.05332506731191,0.413274028345613,"0.372844108225268 to 0.458307234296671","WMCM"
"601",2.11697075119155,0.426610339211394,"0.384745585994739 to 0.473024806642072","WMCM"
"602",2.18258922210866,0.440404793311547,"0.397036552966503 to 0.488228736337122","WMCM"
"603",2.25024162935818,0.454658354682199,"0.40973027730048 to 0.503935815216075","WMCM"
"604",2.31999101764302,0.46937910054971,"0.422862569044114 to 0.520163447819632","WMCM"
"605",2.39190238582488,0.484622393567489,"0.438339190432026 to 0.536929674868826","WMCM"
"606",2.46604274749614,0.500346852028566,"0.452507749298266 to 0.554253197644155","WMCM"
"607",2.54248119342925,0.516629418079538,"0.467151944631068 to 0.572153403301617","WMCM"
"608",2.62128895596183,0.533454332166724,"0.48228878598842 to 0.590650391158072","WMCM"
"609",2.70253947537751,0.550838476898678,"0.498275637296142 to 0.612031561103174","WMCM"
"610",2.78630846834427,0.568790067243875,"0.514501437275247 to 0.632024030467599","WMCM"
"611",2.87267399847417,0.587417160857591,"0.531281077986847 to 0.652700219120247","WMCM"
"612",2.96171654907016,0.606662438800388,"0.548635130141915 to 0.674085273167695","WMCM"
"613",3.05351909812782,0.62656289122797,"0.566585686071539 to 0.696205354416703","WMCM"
"614",3.14816719566179,0.647146510364489,"0.585204645857044 to 0.719087685016886","WMCM"
"615",3.24574904342915,0.66845406385268,"0.604479144059687 to 0.742760594109491","WMCM"
"616",3.34635557712387,0.690473128586963,"0.624425601502684 to 0.767253566561608","WMCM"
"617",3.45008055111901,0.713296460895808,"0.64506976949154 to 0.792824152913642","WMCM"
"618",3.55702062583561,0.736931324362208,"0.666439006351389 to 0.818924666148013","WMCM"
"619",3.66727545781974,0.761344533908821,"0.688534277429978 to 0.846144914002825","WMCM"
"620",3.78094779261158,0.786647051913885,"0.711380076208282 to 0.874329705309216","WMCM"
"621",3.89814356049309,0.812810997915813,"0.734908797210077 to 0.903463049017791","WMCM"
"622",4.01897197520357,0.83991436130915,"0.759128613427036 to 0.93362869853118","WMCM"
"623",4.14354563571501,0.868023281239579,"0.783173364242236 to 0.964866687542567","WMCM"
"624",4.27198063116209,0.897123287226859,"0.810939944815024 to 0.997218763846796","WMCM"
"625",4.40439664902468,0.927280648580926,"0.838049871731735 to 1.0307284671402","WMCM"
"626",4.54091708666359,0.958482586475076,"0.86613482481217 to 1.06544121016364","WMCM"
"627",4.68166916631349,0.990863567188232,"0.895241069052109 to 1.10140436328975","WMCM"
"628",4.82678405364029,1.02440177264401,"0.925409290904907 to 1.13866734265361","WMCM"
"629",4.9763969799732,1.05917122889584,"0.956679538904912 to 1.17675445836011","WMCM"
"630",5.13064736832579,1.09520406335191,"0.988980783673359 to 1.21721977310654","WMCM"
"631",5.289678963323,1.13258695786702,"1.02260313439018 to 1.25975722297914","WMCM"
"632",5.45363996515558,1.1713025551524,"1.05747476767369 to 1.30386427161614","WMCM"
"633",5.62268316768662,1.21146149981129,"1.09364972424669 to 1.34952208942502","WMCM"
"634",5.79696610083876,1.2531432075067,"1.13118417640094 to 1.39676478362985","WMCM"
"635",5.97665117739509,1.29638355691703,"1.16855856592762 to 1.44281845493168","WMCM"
"636",6.16190584435016,1.34124380427898,"1.20903153267053 to 1.49291994662972","WMCM"
"637",6.35290273895244,1.3878173428848,"1.25157195550271 to 1.54488183274298","WMCM"
"638",6.54981984958354,1.43614807880527,"1.29550817777642 to 1.59882960742853","WMCM"
"639",6.75284068162399,1.48630106650238,"1.34107400537698 to 1.6548478482905","WMCM"
"640",6.96215442846041,1.53843319146127,"1.38833331279785 to 1.71302496177933","WMCM"
"641",7.17795614779319,1.59259877575989,"1.43735167644031 to 1.77345334402563","WMCM"
"642",7.40044694340912,1.64879085901237,"1.48819719987929 to 1.83620300312073","WMCM"
"643",7.62983415258826,1.70716571976191,"1.5409406027281 to 1.90042017477365","WMCM"
"644",7.86633153931984,1.76782991179772,"1.59540597838321 to 1.96897898214378","WMCM"
"645",8.11015949350705,1.83090451200149,"1.65231916852938 to 2.03922616560141","WMCM"
"646",8.36154523634656,1.89646287441292,"1.70901954752287 to 2.11221103647567","WMCM"
"647",8.62072303207401,1.9646415094029,"1.77010116590608 to 2.18542997850861","WMCM"
"648",8.88793440627283,2.03553898215619,"1.83573756576608 to 2.26544542480214","WMCM"
"649",9.16342837094992,2.10922959497038,"1.90156992226502 to 2.34852065201839","WMCM"
"650",9.44746165658778,2.18591253571022,"1.96981816452759 to 2.43477359220758","WMCM"
"651",9.7402989513895,2.26571169643257,"2.0388259535618 to 2.52432647253117","WMCM"
"652",10.0422131479394,2.34874345831466,"2.11415013719778 to 2.61730594936908","WMCM"
"653",10.3534855975095,2.4352692347909,"2.19232160413886 to 2.71384324556952","WMCM"
"654",10.6744063722478,2.52530348550514,"2.27355729314648 to 2.81407429090714","WMCM"
"655",11.005274535495,2.61916123867028,"2.3579414679747 to 2.91813986582103","WMCM"
"656",11.3463984204782,2.71708029712647,"2.44559699486614 to 3.02618574850873","WMCM"
"657",11.6980959176444,2.81916287915788,"2.53665125105285 to 3.14169954792514","WMCM"
"658",12.0606947708999,2.92569672283521,"2.6312362649997 to 3.26020092498354","WMCM"
"659",12.434532883032,3.03675718206349,"2.72948885977036 to 3.38387554352306","WMCM"
"660",12.8199586305979,3.1526333345199,"2.83155079957128 to 3.51286695859479","WMCM"
"661",13.2173311885734,3.27331985674469,"2.94075026004607 to 3.64741695041262","WMCM"
"662",13.6270208650657,3.39928307344216,"3.05357333055844 to 3.79067123412516","WMCM"
"663",14.0494094463996,3.53077433192885,"3.17121903519229 to 3.93533613612955","WMCM"
"664",14.4848905529015,3.66800376011186,"3.29343271790077 to 4.08528186561752","WMCM"
"665",14.9338700057107,3.81144841775925,"3.4233898259302 to 4.24638911387434","WMCM"
"666",15.3967662049606,3.96122385265595,"3.55506540248492 to 4.41271318071685","WMCM"
"667",15.874010519682,4.11759373264741,"3.69548057902412 to 4.58626014704001","WMCM"
"668",16.3660476897928,4.2811534224127,"3.84222509357724 to 4.76939960021699","WMCM"
"669",16.8733362405469,4.45217175221677,"3.99563662505717 to 4.95901729593605","WMCM"
"670",17.39634890983,4.63102047985968,"4.15592150251222 to 5.15620861497844","WMCM"
"671",17.9355730887002,4.81828935616827,"4.32376765650735 to 5.36752004822987","WMCM"
"672",18.4915112755836,5.0140897758718,"4.49926359615428 to 5.58186098509447","WMCM"
"673",19.064681544548,5.2190900072821,"4.68088777503374 to 5.80884813855114","WMCM"
"674",19.6556180280921,5.43374868503708,"4.8746245836557 to 6.04624841999867","WMCM"
"675",20.2648714148988,5.65857606087771,"5.07517104888914 to 6.29349719477668","WMCM"
"676",20.8930094630173,5.89389462443401,"5.28411063554162 to 6.55224017108595","WMCM"
"677",21.5406175289522,6.14049809342558,"5.50528707897765 to 6.82485677989533","WMCM"
"678",22.208299113152,6.3988737921419,"5.73838925111621 to 7.10865388127765","WMCM"
"679",22.8966764224061,6.66945272864102,"5.98088288428569 to 7.40430549544683","WMCM"
"680",23.6063909496741,6.95309788879125,"6.23331315206597 to 7.71828447075699","WMCM"
"681",24.3381040718876,7.2503273624524,"6.50123381555486 to 8.0457033783452","WMCM"
"682",25.0924976662818,7.56218129376235,"6.78086241655652 to 8.38656985007691","WMCM"
"683",25.8702747458309,7.88927807365904,"7.07814131945254 to 8.74504398596877","WMCM"
"684",26.67216011438,8.23247604809179,"7.39119038122926 to 9.12116051662668","WMCM"
"685",27.4989010420838,8.59237496156227,"7.71328631700182 to 9.51346609475615","WMCM"
"686",28.3512679617811,8.96985704913124,"8.05598683052805 to 9.92382979403579","WMCM"
"687",29.2300551869547,9.36551255962809,"8.41832648070549 to 10.3558328831163","WMCM"
"688",30.1360816519454,9.78073826373003,"8.79294188033449 to 10.8036444334024","WMCM"
"689",31.0701916751097,10.2161354358308,"9.19289138910315 to 11.2798876716505","WMCM"
"690",32.0332557456335,10.6730939130762,"9.61343374820693 to 11.7750859090633","WMCM"
"691",33.0261713347327,11.1525540106414,"10.0551951643347 to 12.2898026934129","WMCM"
"692",34.0498637319998,11.6558508240928,"10.5182851646766 to 12.8362624693106","WMCM"
"693",35.1052869076729,12.1840050691852,"10.9979850132898 to 13.4055191500769","WMCM"
"694",36.1934244016328,12.7378887712733,"11.509272583725 to 14.0062243497583","WMCM"
"695",37.315290239955,13.3188119015921,"12.0365399328398 to 14.6333448882837","WMCM"
"696",38.4719298798725,13.9281125555259,"12.5996817491498 to 15.2950039710337","WMCM"
"697",39.664421184028,14.5668839231796,"13.1979990127592 to 15.9839734611261","WMCM"
"698",40.8938754249253,15.2369758938216,"13.8158921091918 to 16.7083388260623","WMCM"
"699",42.1614383205147,15.9395955966515,"14.4651199896254 to 17.4632328838206","WMCM"
"700",43.4682911018774,16.6763059736622,"15.1452739160063 to 18.2558999417224","WMCM"
"701",44.8156516140052,17.4484482787711,"15.8622234525617 to 19.0827730385758","WMCM"
"702",46.2047754506996,18.2575193193909,"16.6114176031455 to 19.9501240922512","WMCM"
"703",47.6369571246489,19.1048390965567,"17.4037232151877 to 20.8525101491557","WMCM"
"704",49.113531273774,19.9920471063454,"18.2383286763565 to 21.7942219474951","WMCM"
"705",50.6358739049656,20.9207159647968,"19.1077805181483 to 22.7811152739525","WMCM"
"706",52.2054036763738,21.8926526076371,"20.0106617030116 to 23.8081075802629","WMCM"
"707",53.823583219443,22.9095915930437,"20.9704924313274 to 24.8788465342622","WMCM"
"708",55.4919205019263,23.9733761850083,"21.9827292932604 to 26.0028039071078","WMCM"
"709",57.2119702331476,25.085920680404,"23.0303618186674 to 27.1707819947778","WMCM"
"710",58.9853353128216,26.2484844064797,"24.1204987775373 to 28.3938643735388","WMCM"
"711",60.813668324783,27.4631891373665,"25.2716469847243 to 29.6635424702285","WMCM"
"712",62.6986730770151,28.731730039505,"26.4741025873983 to 30.9739934941369","WMCM"
"713",64.642106189414,30.055953653147,"27.7374342523825 to 32.3524324747949","WMCM"
"714",66.6457787307673,31.4376226351899,"29.0560461814951 to 33.7910706908842","WMCM"
"715",68.7115579064747,32.8793359011792,"30.4357968958908 to 35.2733743168667","WMCM"
"716",70.8413687985796,34.3822886280218,"31.8776888375188 to 36.8354792954395","WMCM"
"717",73.0371961597376,35.9486263003566,"33.3802597284079 to 38.4619062304346","WMCM"
"718",75.3010862627905,37.5809337010829,"34.9546730139718 to 40.1576568583006","WMCM"
"719",77.6351488076701,39.2809928732735,"36.5704313367932 to 41.9139557380967","WMCM"
"720",80.0415588874098,41.0509530889768,"38.2814545755097 to 43.745693755773","WMCM"
"721",82.5225590150957,42.8932639072263,"40.0612913023497 to 45.6505176190538","WMCM"
"722",85.0804612136451,44.8100231163,"41.9163726931555 to 47.6288255968586","WMCM"
"723",87.7176491703607,46.8033490807822,"43.8514908139643 to 49.687744612468","WMCM"
"724",90.4365804582696,48.8758090382216,"45.8639783646798 to 51.8417798466676","WMCM"
"725",93.2397888263133,51.0299063534479,"47.9457422923594 to 54.0604556150168","WMCM"
"726",96.1298865605277,53.2680735639658,"50.0987679966184 to 56.3575166348982","WMCM"
"727",99.10956691841,55.5923145585632,"52.310343954189 to 58.7425080422138","WMCM"
"728",102.181606638743,58.0060257433271,"54.6312652512805 to 61.2741385907955","WMCM"
"729",105.348868529212,60.5112895918767,"57.0288788892917 to 63.9002500491405","WMCM"
"730",108.614304134236,63.1113972054212,"59.5708409845723 to 66.6068673402798","WMCM"
"731",111.98095648548,65.8089774952715,"62.2138501305918 to 69.3431995931985","WMCM"
"732",115.451962937637,68.6070041965971,"64.9250869168903 to 72.1785350600835","WMCM"
"733",119.030558092096,71.5087049982025,"67.7257612725939 to 75.1691881859861","WMCM"
"734",122.720076811246,74.5168433349632,"70.646587160887 to 78.2663344351403","WMCM"
"735",126.5239573262,77.6348274417711,"73.6749114254228 to 81.4178692476998","WMCM"
"736",130.445744440856,80.8662132677411,"76.7865255756188 to 84.6949169683193","WMCM"
"737",134.48909283527,84.2141905472415,"80.0482041036868 to 88.0985940984075","WMCM"
"738",138.657770471422,87.682310204306,"83.4037084164322 to 91.6529879463483","WMCM"
"739",142.955662104544,91.2750222642564,"86.9078632927538 to 95.3247047673503","WMCM"
"740",147.386772903294,94.99516480348,"90.5490194370178 to 99.1344047061795","WMCM"
"741",151.955232182138,98.8472517278388,"94.2702673828976 to 103.072043335675","WMCM"
"742",156.66529724942,102.835537086002,"98.1387010656402 to 107.151637986545","WMCM"
"743",161.521357374717,106.963769612051,"102.180052501611 to 111.407253272643","WMCM"
"744",166.527937879157,111.236606377213,"106.371163492838 to 115.769542301385","WMCM"
"745",171.689704352529,115.658489347153,"110.716696541509 to 120.309762769191","WMCM"
"746",177.011467001107,120.234439790966,"115.171031455516 to 125.008594090313","WMCM"
"747",182.49818513024,124.968789488944,"119.748356648793 to 129.924227381472","WMCM"
"748",188.154971765886,129.867106813755,"124.518662077857 to 134.975426192263","WMCM"
"749",193.987098419398,134.934297993361,"129.471283476053 to 140.197600501264","WMCM"
"750",200,140.175761642859,"134.579409896089 to 145.542992345894","WMCM"
