Method,H,SE.H,S,SE.S,G,SE.G,K_error,R,Helix,Condition
1 VH plot,-56.2,0.2,-136.4,0.6,-13.8,0,0.448524783911945,1.34700434343878,F,Monovalent
2 Global fit,-56.1,7.7,-136.3,23.4,-13.8,0.5,0.448524783911945,1.34700434343878,F,Monovalent
3 1/Tm vs lnCT,-140.785395871705,6.97425548809849,-392.894261368814,20.9001925500497,-18.9370985933953,0.492419290999794,NA,1.34700434343878,F,Monovalent
1 VH plot,-49.6,0.6,-121.7,1.9,-11.9,0,0.466033195069788,0.884622603900394,G,Monovalent
2 Global fit,-49.5,20.9,-121.2,65,-11.9,0.8,0.466033195069788,0.884622603900394,G,Monovalent
3 1/Tm vs lnCT,-184.787535985814,15.6583386612972,-542.577829535512,48.4528477262681,-16.5178737119662,0.631687980235328,NA,0.884622603900394,G,Monovalent
1 VH plot,-50.5,0.2,-128.1,0.7,-10.7,0,0.323702085303351,0.859357485429266,H,Monovalent
2 Global fit,-50.6,8.3,-128.4,26.7,-10.7,0.1,0.323702085303351,0.859357485429266,H,Monovalent
3 1/Tm vs lnCT,-157.003759230527,11.7208255590649,-468.979923137462,37.1941210375624,-11.5590156679064,0.18768921900442,NA,0.859357485429266,H,Monovalent
1 VH plot,-67.6,0.9,-168.5,2.8,-15.3,0.1,0.454005415348008,1.05217856009165,I,Monovalent
2 Global fit,-68.1,9.8,-170.1,29.1,-15.4,0.7,0.454005415348008,1.05217856009165,I,Monovalent
3 1/Tm vs lnCT,-97.1468908326263,2.98715216567604,-256.350987424517,8.77790354800621,-17.644759102661,0.264980514783685,NA,1.05217856009165,I,Monovalent
1 VH plot,-61.1,0.6,-161.9,1.9,-10.8,0,0.35229699670418,0.77976170572917,J,Monovalent
2 Global fit,-61,18.9,-161.9,59.9,-10.8,0.3,0.35229699670418,0.77976170572917,J,Monovalent
3 1/Tm vs lnCT,-107.561992891497,6.13099502643737,-307.362135135557,19.1974204668427,-12.2397739219067,0.178626913929166,NA,0.77976170572917,J,Monovalent
1 VH plot,-52.2,0.4,-125,1.1,-13.4,0,0.328328274291378,2.18931564410912,F,NTPCM
2 Global fit,-52.4,7.6,-125.6,23.2,-13.4,0.4,0.328328274291378,2.18931564410912,F,NTPCM
3 1/Tm vs lnCT,-133.897510438662,6.85763406901012,-373.17471393284,20.5906515971048,-18.16483640667,0.471787363291095,NA,2.18931564410912,F,NTPCM
1 VH plot,-42.4,0.6,-99.7,2,-11.5,0,0.743972961045331,1.03119431771842,G,NTPCM
2 Global fit,-42,28.5,-98.5,88.4,-11.5,1.1,0.743972961045331,1.03119431771842,G,NTPCM
3 1/Tm vs lnCT,-181.039491478994,17.4245902074229,-534.617884908833,54.2592901199508,-15.2384468322176,0.597296752773036,NA,1.03119431771842,G,NTPCM
1 VH plot,-45.6,0.2,-114.2,0.6,-10.2,0,0.502842874375039,0.986030546963521,H,NTPCM
2 Global fit,-45.5,11.6,-114,37,-10.2,0.1,0.502842874375039,0.986030546963521,H,NTPCM
3 1/Tm vs lnCT,-112.063640430222,9.45028640232834,-327.61876433147,30.0867177178456,-10.4592330481035,0.123545165644426,NA,0.986030546963521,H,NTPCM
1 VH plot,-64.6,1.2,-160.5,3.5,-14.9,0.1,0.406710891529994,1.16575841422765,I,NTPCM
2 Global fit,-65.7,6.8,-163.8,20.4,-14.9,0.5,0.406710891529994,1.16575841422765,I,NTPCM
3 1/Tm vs lnCT,-100.503428079493,3.8099524949701,-267.57147642521,11.245234289178,-17.5214860957426,0.322590423928082,NA,1.16575841422765,I,NTPCM
1 VH plot,-59.6,1.5,-158.9,4.8,-10.3,0,0.297142679914788,0.858618162449026,J,NTPCM
2 Global fit,-59.3,81.9,-158,261.7,-10.3,0.8,0.297142679914788,0.858618162449026,J,NTPCM
3 1/Tm vs lnCT,-104.698892438399,5.86961795436314,-300.223350119028,18.470750254406,-11.5906248659849,0.142873415497259,NA,0.858618162449026,J,NTPCM
1 VH plot,-52.9,2.1,-132.1,6.6,-11.9,0.1,0.952684373920434,0.953786331333073,G,WMCM
2 Global fit,-51.6,52.7,-128,163,-11.9,2.2,0.952684373920434,0.953786331333073,G,WMCM
3 1/Tm vs lnCT,-195.598777551516,16.09516753048,-577.721151122088,49.9394940960417,-16.4301169540227,0.607361316865656,NA,0.953786331333073,G,WMCM
1 VH plot,-59.6,2,-144.4,6,-14.8,0.1,0.469009661141836,1.05444831709598,I,WMCM
2 Global fit,-59.8,10.2,-145.2,30.3,-14.8,0.7,0.469009661141836,1.05444831709598,I,WMCM
3 1/Tm vs lnCT,-130.477144554117,5.68115974930488,-354.991659772979,16.7246958413457,-20.3835811087232,0.494311529198931,NA,1.05444831709598,I,WMCM
1 VH plot,-61.8,0.8,-164.5,2.5,-10.8,0,0.313591744412958,0.983519997110464,J,WMCM
2 Global fit,-61.7,22.2,-164.3,70.4,-10.8,0.3,0.313591744412958,0.983519997110464,J,WMCM
3 1/Tm vs lnCT,-95.3152983436204,2.17361827285202,-269.168516667001,6.80319593640866,-11.8380662696834,0.064264488734133,NA,0.983519997110464,J,WMCM
1 VH plot,-48.1,0.7,-119.2,2.1,-11.1,0,0.435693649165923,0.897869842222186,G,Ecoli80
2 Global fit,-47.9,27.8,-118.6,87.2,-11.1,0.7,0.435693649165923,0.897869842222186,G,Ecoli80
3 1/Tm vs lnCT,-146.511115016611,10.0526345315382,-428.066033235065,31.3756461060728,-13.7549961294202,0.322737894768422,NA,0.897869842222186,G,Ecoli80
1 VH plot,-67.4,0.9,-169.5,2.8,-14.8,0.1,0.429439129475598,1.0492960092579,I,Ecoli80
2 Global fit,-67.8,11.1,-170.6,33.4,-14.9,0.8,0.429439129475598,1.0492960092579,I,Ecoli80
3 1/Tm vs lnCT,-103.552242322954,2.85085087921213,-277.014081585161,8.42869053099589,-17.6418652009481,0.236973482808151,NA,1.0492960092579,I,Ecoli80
1 VH plot,-62.3,0.8,-167,2.6,-10.5,0,0.266842690786378,0.969366096520701,J,Ecoli80
2 Global fit,-62.3,23.2,-167,74,-10.5,0.2,0.266842690786378,0.969366096520701,J,Ecoli80
3 1/Tm vs lnCT,-97.7282695298343,2.87011068570527,-278.355401522184,9.03140036047318,-11.4019088557593,0.070028474981026,NA,0.969366096520701,J,Ecoli80
1 VH plot,-58.9,1.1,-144.6,3.3,-14.1,0.1,1.46895513899704,1.02479491656998,F,WMCM
2 Global fit,-60.1,10.6,-148.3,32,-14.1,0.7,1.46895513899704,1.02479491656998,F,WMCM
3 1/Tm vs lnCT,-365.045562378906,255.973926803869,-1068.60845799934,769.58740754271,-33.6380212995703,17.2882164510174,NA,1.02479491656998,F,WMCM
1 VH plot,-43.2,3.2,-107.7,10.3,-9.8,0,0.606155250374502,0.883124607165083,H,WMCM
2 Global fit,-43.4,90.8,-108.4,289.7,-9.8,0.9,0.606155250374502,0.883124607165083,H,WMCM
3 1/Tm vs lnCT,-180.762241783361,39.091156349976,-549.489273243173,125.151441786224,-10.3491334724558,0.289521475027567,NA,0.883124607165083,H,WMCM
1 VH plot,-50.3,0.6,-120,1.9,-13,0,0.536724581918932,1.46998772034618,F,Ecoli80
2 Global fit,-50.1,20,-119.6,60.6,-13,1.2,0.536724581918932,1.46998772034618,F,Ecoli80
3 1/Tm vs lnCT,-107.909219779687,4.48255997723524,-295.863844695624,13.5064664870132,-16.1529656242331,0.293893074734169,NA,1.46998772034618,F,Ecoli80
1 VH plot,-41.7,0.4,-101.8,1.2,-10.2,0,1.84379575904042,1.01322352931365,H,Ecoli80
2 Global fit,-41.7,19,-101.7,60.4,-10.2,0.3,1.84379575904042,1.01322352931365,H,Ecoli80
3 1/Tm vs lnCT,-127.215172524395,23.5033481490309,-376.990846373939,75.0338334157235,-10.2990013384454,0.242800061400174,NA,1.01322352931365,H,Ecoli80
