"Well","A","B","Tm","invT","Helix","Condition"
"D1",148.477620710129,1000,61.3191768654955,0.00298981212371071,"F","Monovalent"
"D2",148.477620710129,800,61.4247719582282,0.00298886850956249,"F","Monovalent"
"D3",148.477620710129,600,61.0530088647047,0.00299219328813652,"F","Monovalent"
"D4",148.477620710129,400,60.1026053162362,0.00300072672815584,"F","Monovalent"
"D5",148.477620710129,250,59.1012257809009,0.00300977068677374,"F","Monovalent"
"D6",148.477620710129,200,58.7844376625826,0.00301264312025533,"F","Monovalent"
"D7",148.477620710129,150,58.0457760456256,0.00301936217888914,"F","Monovalent"
"D8",148.477620710129,100,57.676223705045,0.00302273498394604,"F","Monovalent"
"D9",148.477620710129,50,58.6255332353153,0.00301408603054144,"F","Monovalent"
"E1",148.477620710129,1000,61.4247719582282,0.00298886850956249,"F","Monovalent"
"E2",148.477620710129,800,61.2135817727628,0.00299075633386297,"F","Monovalent"
"E3",148.477620710129,600,60.7362076818819,0.00299503237028819,"F","Monovalent"
"E4",148.477620710129,400,59.9442047248248,0.00300215370251223,"F","Monovalent"
"E5",148.477620710129,250,58.8372356823023,0.00301216400065742,"F","Monovalent"
"E6",148.477620710129,200,58.520447563984,0.00301504100635039,"F","Monovalent"
"E7",148.477620710129,150,58.2569488116717,0.00301743823895578,"F","Monovalent"
"E8",148.477620710129,100,57.8346032795796,0.0030212885738232,"F","Monovalent"
"F1",148.477620710129,1000,61.8999498755255,0.00298462960633634,"F","Monovalent"
"F2",148.477620710129,800,61.2135817727628,0.00299075633386297,"F","Monovalent"
"F3",148.477620710129,600,60.8418080761562,0.00299408541113674,"F","Monovalent"
"F4",148.477620710129,400,60.1026053162362,0.00300072672815584,"F","Monovalent"
"F5",148.477620710129,250,58.9956297414615,0.0030107275557965,"F","Monovalent"
"F6",148.477620710129,200,58.6788416231431,0.00301360181685381,"F","Monovalent"
"F7",148.477620710129,150,58.4681215777177,0.00301551674933314,"F","Monovalent"
"F8",148.477620710129,100,57.9929828541141,0.00301984354728287,"F","Monovalent"
"F9",148.477620710129,50,58.572737677037,0.00301456573945677,"F","Monovalent"
"A1",226.085111456771,1000,51.1292504167868,0.00308376190803059,"G","Monovalent"
"A2",226.085111456771,800,50.1788945821922,0.00309282596376735,"G","Monovalent"
"A3",226.085111456771,600,50.017767663043,0.00309436800344108,"G","Monovalent"
"A4",226.085111456771,400,49.4369654945345,0.00309993926278755,"G","Monovalent"
"A5",226.085111456771,250,48.911207974995,0.00310499984238288,"G","Monovalent"
"A6",226.085111456771,200,48.8056119355556,0.00310601823024028,"G","Monovalent"
"A7",226.085111456771,150,49.1237266801802,0.00310295229555708,"G","Monovalent"
"A8",226.085111456771,100,49.3876926377377,0.00310041282872065,"G","Monovalent"
"B1",226.085111456771,1000,51.023655324054,0.00308476640089821,"G","Monovalent"
"B2",226.085111456771,800,50.6540724994895,0.00308828728521188,"G","Monovalent"
"B3",226.085111456771,600,50.2817686487287,0.00309184222742842,"G","Monovalent"
"B4",226.085111456771,400,49.7537666773574,0.00309689790952235,"G","Monovalent"
"B5",226.085111456771,250,48.6472178763964,0.0031075470651959,"G","Monovalent"
"B6",226.085111456771,200,48.541621836957,0.00310856712490582,"G","Monovalent"
"B7",226.085111456771,150,48.9653471056456,0.003104477973451,"G","Monovalent"
"B8",226.085111456771,100,49.7572449783183,0.00309686455027401,"G","Monovalent"
"C1",226.085111456771,1000,51.2876430558859,0.00308225639472959,"G","Monovalent"
"C2",226.085111456771,800,50.3372872212913,0.00309131158936679,"G","Monovalent"
"C3",226.085111456771,600,50.1233680573173,0.00309335719799441,"G","Monovalent"
"C4",226.085111456771,400,49.3841652973974,0.0031004467358611,"G","Monovalent"
"C5",226.085111456771,250,49.1224000538739,0.0031029650687829,"G","Monovalent"
"C6",226.085111456771,200,48.7528139158358,0.00310652767472066,"G","Monovalent"
"C7",226.085111456771,150,48.7013811480881,0.00310702410669441,"G","Monovalent"
"C8",226.085111456771,100,49.4404858292493,0.00309990543406575,"G","Monovalent"
"A1",232.732015943395,1000,42.8906284963964,0.00316415014347246,"H","Monovalent"
"A2",232.732015943395,800,42.3626738603604,0.00316944478890436,"H","Monovalent"
"A3",232.732015943395,600,42.3122765888288,0.00316995112953994,"H","Monovalent"
"A4",232.732015943395,400,41.3619616520721,0.00317952930866981,"H","Monovalent"
"A5",232.732015943395,250,40.5115893068769,0.00318814937528621,"H","Monovalent"
"A6",232.732015943395,200,40.3003748857357,0.0031902976678989,"H","Monovalent"
"A7",232.732015943395,150,40.0947276740541,0.00319239211917574,"H","Monovalent"
"A8",232.732015943395,100,40.833858863003,0.00318487709406845,"H","Monovalent"
"B1",232.732015943395,1000,43.1018103508108,0.00316203723510934,"H","Monovalent"
"B2",232.732015943395,800,42.5210602511712,0.00316785453568131,"H","Monovalent"
"B3",232.732015943395,600,42.3122765888288,0.00316995112953994,"H","Monovalent"
"B4",232.732015943395,400,41.7315285719219,0.00317579759135217,"H","Monovalent"
"B5",232.732015943395,250,40.0891604645946,0.00319244885766137,"H","Monovalent"
"B6",232.732015943395,200,39.983553254024,0.0031935255408058,"H","Monovalent"
"B7",232.732015943395,150,40.3587030986787,0.00318970411384479,"H","Monovalent"
"B8",232.732015943395,100,40.3587030986787,0.00318970411384479,"H","Monovalent"
"C1",232.732015943395,1000,42.7850375691892,0.00316520765690954,"H","Monovalent"
"C2",232.732015943395,800,42.5210602511712,0.00316785453568131,"H","Monovalent"
"C3",232.732015943395,600,42.5762529601502,0.00316730075698272,"H","Monovalent"
"C4",232.732015943395,400,41.7315285719219,0.00317579759135217,"H","Monovalent"
"C5",232.732015943395,250,40.8812145438739,0.0031843968168976,"H","Monovalent"
"C6",232.732015943395,200,40.4059820963063,0.00318922315981475,"H","Monovalent"
"C7",232.732015943395,150,40.7282686931532,0.00318594850214877,"H","Monovalent"
"C8",232.732015943395,100,41.1506293725526,0.00318166718913777,"H","Monovalent"
"D1",190.081805109751,1000,68.9715875165766,0.00292293744822971,"I","Monovalent"
"D2",190.081805109751,800,68.2324510261261,0.00292926598011762,"I","Monovalent"
"D3",190.081805109751,600,67.4956224128829,0.00293560208675731,"I","Monovalent"
"D4",190.081805109751,400,66.2813311048048,0.00294610399324402,"I","Monovalent"
"D5",190.081805109751,250,64.5372297116817,0.00296132015668405,"I","Monovalent"
"D6",190.081805109751,200,63.7979792376877,0.00296781717540614,"I","Monovalent"
"D7",190.081805109751,150,63.6413355505706,0.00296919752512412,"I","Monovalent"
"D8",190.081805109751,100,63.7997208053453,0.0029678018358641,"I","Monovalent"
"D9",190.081805109751,50,63.2716251050951,0.00297246052386677,"I","Monovalent"
"E1",190.081805109751,1000,69.1299739073874,0.00292158489024127,"I","Monovalent"
"E2",190.081805109751,800,68.1268600989189,0.00293017229386766,"I","Monovalent"
"E3",190.081805109751,600,67.8123940584685,0.00293287476104628,"I","Monovalent"
"E4",190.081805109751,400,66.3341263790691,0.0029456458264072,"I","Monovalent"
"E5",190.081805109751,250,65.1180693698198,0.00295623527772799,"I","Monovalent"
"E6",190.081805109751,200,63.850782842973,0.00296735215735672,"I","Monovalent"
"E7",190.081805109751,150,63.9053109751952,0.00296687210507593,"I","Monovalent"
"E8",190.081805109751,100,63.7469257204204,0.00296826691980522,"I","Monovalent"
"E9",190.081805109751,50,63.1660332311812,0.00297339377606362,"I","Monovalent"
"F1",190.081805109751,1000,68.8132011257658,0.00292429125914114,"I","Monovalent"
"F2",190.081805109751,800,68.2324510261261,0.00292926598011762,"I","Monovalent"
"F3",190.081805109751,600,67.4956224128829,0.00293560208675731,"I","Monovalent"
"F4",190.081805109751,400,66.2813311048048,0.00294610399324402,"I","Monovalent"
"F5",190.081805109751,250,64.590033316967,0.00296085717224261,"I","Monovalent"
"F6",190.081805109751,200,63.7451756324024,0.0029682823392257,"I","Monovalent"
"F7",190.081805109751,150,63.9053109751952,0.00296687210507593,"I","Monovalent"
"F8",190.081805109751,100,63.2189748711712,0.00297292578895839,"I","Monovalent"
"F9",190.081805109751,50,64.2219519703203,0.00296408754242846,"I","Monovalent"
"A1",256.488615086549,1000,48.2507175356757,0.0031113807326488,"J","Monovalent"
"A2",256.488615086549,800,47.3607318705105,0.0031200203318122,"J","Monovalent"
"A3",256.488615086549,600,46.6790854735536,0.00312666997912136,"J","Monovalent"
"A4",256.488615086549,400,45.5769621614414,0.00313748166524262,"J","Monovalent"
"A5",256.488615086549,250,44.4755013568769,0.00314836181518191,"J","Monovalent"
"A6",256.488615086549,200,44.3907285101501,0.00314920232340537,"J","Monovalent"
"A7",256.488615086549,150,44.3075060818919,0.00315002789614947,"J","Monovalent"
"A8",256.488615086549,100,44.222736453964,0.00315086926234779,"J","Monovalent"
"B2",256.488615086549,800,47.3183516007407,0.0031204329382449,"J","Monovalent"
"B3",256.488615086549,600,46.7214748317117,0.00312625563291041,"J","Monovalent"
"B4",256.488615086549,400,45.449794086967,0.0031387339808733,"J","Monovalent"
"B5",256.488615086549,250,44.1787963933333,0.00315130555866883,"J","Monovalent"
"B6",256.488615086549,200,44.3907285101501,0.00314920232340537,"J","Monovalent"
"B7",256.488615086549,150,43.9260427562162,0.00315381758680787,"J","Monovalent"
"B8",256.488615086549,100,44.0955820120721,0.00315213215471019,"J","Monovalent"
"C1",256.488615086549,1000,48.377858344985,0.00311015040857531,"J","Monovalent"
"C2",256.488615086549,800,47.275971330971,0.00312084565382215,"J","Monovalent"
"C3",256.488615086549,600,46.7214748317117,0.00312625563291041,"J","Monovalent"
"C4",256.488615086549,400,45.4921834451251,0.00313831643126502,"J","Monovalent"
"C5",256.488615086549,250,44.3059556634234,0.00315004328052434,"J","Monovalent"
"C6",256.488615086549,200,44.2635692400601,0.00315046392753203,"J","Monovalent"
"C7",256.488615086549,150,44.137966826036,0.00315171107812067,"J","Monovalent"
"C8",256.488615086549,100,44.3075060818919,0.00315002789614947,"J","Monovalent"
"D1",91.3527478498354,1000,61.0552559704504,0.00299217316943818,"F","NTPCM"
"D2",91.3527478498354,800,60.52727672,0.00299690770024815,"F","NTPCM"
"D3",91.3527478498354,600,60.2079995197898,0.00299977802074804,"F","NTPCM"
"D4",91.3527478498354,400,59.3631509236737,0.00300739984936579,"F","NTPCM"
"D5",91.3527478498354,250,58.626822364054,0.00301407431922027,"F","NTPCM"
"D6",91.3527478498354,200,57.729296264024,0.00302225014164094,"F","NTPCM"
"D7",91.3527478498354,150,57.2524086935936,0.003026612317852,"F","NTPCM"
"D8",91.3527478498354,100,56.6188256407408,0.00303242733165271,"F","NTPCM"
"D9",91.3527478498354,50,57.3589888322823,0.00302563631788984,"F","NTPCM"
"E1",91.3527478498354,1000,60.8440642702703,0.00299406518551417,"F","NTPCM"
"E2",91.3527478498354,800,60.580074645045,0.00299643357304132,"F","NTPCM"
"E3",91.3527478498354,600,59.8911812962462,0.00300263167488132,"F","NTPCM"
"E4",91.3527478498354,400,58.9935296628729,0.0030107465920381,"F","NTPCM"
"E5",91.3527478498354,250,58.2044571405105,0.00301791624784438,"F","NTPCM"
"E6",91.3527478498354,200,57.782091916967,0.00302176798329642,"F","NTPCM"
"E7",91.3527478498354,150,57.0412143426426,0.00302854817621613,"F","NTPCM"
"E8",91.3527478498354,100,56.7244228162162,0.00303145661146676,"F","NTPCM"
"E9",91.3527478498354,50,57.2533918461361,0.00302660331182582,"F","NTPCM"
"F1",91.3527478498354,1000,61.0552559704504,0.00299217316943818,"F","NTPCM"
"F2",91.3527478498354,800,60.7384684201802,0.00299501209110809,"F","NTPCM"
"F3",91.3527478498354,600,60.260802557047,0.0029993029389889,"F","NTPCM"
"F4",91.3527478498354,400,59.5215600354454,0.00300596780768832,"F","NTPCM"
"F5",91.3527478498354,250,58.626822364054,0.00301407431922027,"F","NTPCM"
"F6",91.3527478498354,200,57.9932745287387,0.00301984088737159,"F","NTPCM"
"F7",91.3527478498354,150,57.2524086935936,0.003026612317852,"F","NTPCM"
"F8",91.3527478498354,100,56.8828185794294,0.00303000169590507,"F","NTPCM"
"F9",91.3527478498354,50,55.8278325331632,0.00303971848893251,"F","NTPCM"
"A1",193.94986625073,1000,48.80613736,0.00310601316129543,"G","NTPCM"
"A2",193.94986625073,800,48.0669664093694,0.00311316058792974,"G","NTPCM"
"A3",193.94986625073,600,48.1689070251351,0.00311217291649064,"G","NTPCM"
"A4",193.94986625073,400,47.4824675407908,0.00311883574258674,"G","NTPCM"
"A5",193.94986625073,250,47.0645743695495,0.00312290595132604,"G","NTPCM"
"A6",193.94986625073,200,46.642209146006,0.00312703052607337,"G","NTPCM"
"A7",193.94986625073,150,47.2206770234234,0.0031213842955012,"G","NTPCM"
"A8",193.94986625073,100,47.0622812602102,0.00312292831513037,"G","NTPCM"
"A9",193.94986625073,50,47.5384691206907,0.00311829110270769,"G","NTPCM"
"B1",193.94986625073,1000,48.858935285045,0.00310550388645207,"G","NTPCM"
"B2",193.94986625073,800,48.80613736,0.00310601316129543,"G","NTPCM"
"B3",193.94986625073,600,48.2217100623924,0.00311166157035371,"G","NTPCM"
"B4",193.94986625073,400,47.7464827270771,0.00311626974375566,"G","NTPCM"
"B5",193.94986625073,250,46.8533917577778,0.00312496687771652,"G","NTPCM"
"B6",193.94986625073,200,46.9061874107207,0.00312445139114503,"G","NTPCM"
"B7",193.94986625073,150,46.8510869092593,0.00312498938568782,"G","NTPCM"
"B8",193.94986625073,100,46.9566840847347,0.00312395851045488,"G","NTPCM"
"B9",193.94986625073,50,47.6968645999099,0.00311675166670861,"G","NTPCM"
"C1",193.94986625073,1000,49.3869145354955,0.00310042030829296,"G","NTPCM"
"C2",193.94986625073,800,48.1197643344144,0.00311264896673901,"G","NTPCM"
"C3",193.94986625073,600,48.0633009506206,0.00311319611311403,"G","NTPCM"
"C4",193.94986625073,400,47.535270578048,0.00311832220481302,"G","NTPCM"
"C5",193.94986625073,250,46.642209146006,0.00312703052607337,"G","NTPCM"
"C6",193.94986625073,200,46.9061874107207,0.00312445139114503,"G","NTPCM"
"C7",193.94986625073,150,46.6398925583083,0.00312705317857308,"G","NTPCM"
"C8",193.94986625073,100,47.2206770234234,0.0031213842955012,"G","NTPCM"
"C9",193.94986625073,50,47.6968645999099,0.00311675166670861,"G","NTPCM"
"A1",202.833472670699,1000,41.7816747747247,0.00317529191281034,"H","NTPCM"
"A2",202.833472670699,800,42.151282118979,0.00317156972302653,"H","NTPCM"
"A3",202.833472670699,600,41.5687539113514,0.00317744013526971,"H","NTPCM"
"A4",202.833472670699,400,39.5095388383784,0.00319836715590157,"H","NTPCM"
"A5",202.833472670699,250,39.4619301978679,0.00319885424515645,"H","NTPCM"
"A6",202.833472670699,200,39.3035472151952,0.00320047574723571,"H","NTPCM"
"A7",202.833472670699,150,39.1456771512613,0.00320209363485889,"H","NTPCM"
"A8",202.833472670699,100,39.515218226046,0.00319830905936277,"H","NTPCM"
"B1",202.833472670699,1000,42.0456800206206,0.00317263231505768,"H","NTPCM"
"B2",202.833472670699,800,41.8872768730831,0.00317422753880286,"H","NTPCM"
"B3",202.833472670699,600,41.4103527518919,0.00317904017862272,"H","NTPCM"
"B4",202.833472670699,400,40.4599457951351,0.00318867438168956,"H","NTPCM"
"B5",202.833472670699,250,38.9867812498498,0.00320372368804415,"H","NTPCM"
"B6",202.833472670699,200,38.5644266293894,0.00320806454424691,"H","NTPCM"
"B7",202.833472670699,150,39.040093987037,0.00320317658779245,"H","NTPCM"
"B8",202.833472670699,100,38.9345108228128,0.00320426027348648,"H","NTPCM"
"C1",202.833472670699,1000,41.9928789714414,0.00317316387812342,"H","NTPCM"
"C2",202.833472670699,800,42.2040831681582,0.00317103869388228,"H","NTPCM"
"C3",202.833472670699,600,41.5687539113514,0.00317744013526971,"H","NTPCM"
"C4",202.833472670699,400,40.4071454086486,0.00318921132764088,"H","NTPCM"
"C5",202.833472670699,250,38.9339869222923,0.00320426565253089,"H","NTPCM"
"C6",202.833472670699,200,38.6172209569469,0.00320752129403012,"H","NTPCM"
"C7",202.833472670699,150,38.7761360764765,0.00320588717758112,"H","NTPCM"
"C8",202.833472670699,100,39.1984687333734,0.00320155243294507,"H","NTPCM"
"D1",171.562132907706,1000,67.1261783807307,0.00293878932330406,"I","NTPCM"
"D2",171.562132907706,800,66.8093720856557,0.00294152796513591,"I","NTPCM"
"D3",171.562132907706,600,66.0153328545946,0.00294841454338352,"I","NTPCM"
"D4",171.562132907706,400,64.9065247383784,0.00295808519233255,"I","NTPCM"
"D5",171.562132907706,250,63.2193775987688,0.00297292222954026,"I","NTPCM"
"D6",171.562132907706,200,62.6386399956356,0.00297806382018462,"I","NTPCM"
"D7",171.562132907706,150,62.4795564448148,0.00297947537932173,"I","NTPCM"
"D8",171.562132907706,100,61.8988490415816,0.00298463941261262,"I","NTPCM"
"D9",171.562132907706,50,62.1628203059159,0.00298228978864473,"I","NTPCM"
"E1",171.562132907706,1000,67.4429846758058,0.00293605577622761,"I","NTPCM"
"E2",171.562132907706,800,66.7565710364765,0.00294198490176492,"I","NTPCM"
"E3",171.562132907706,600,66.2265344005405,0.00294657967960677,"I","NTPCM"
"E4",171.562132907706,400,64.9593251248649,0.00295762324695037,"I","NTPCM"
"E5",171.562132907706,250,63.0609946160961,0.00297432271999866,"I","NTPCM"
"E6",171.562132907706,200,62.4274626854054,0.00297993790166258,"I","NTPCM"
"E7",171.562132907706,150,62.3211816984785,0.00298088197900349,"I","NTPCM"
"E8",171.562132907706,100,62.2155985342542,0.00298182045019105,"I","NTPCM"
"E9",171.562132907706,50,62.2684165346847,0.00298135090592616,"I","NTPCM"
"F1",171.562132907706,1000,67.0205762823724,0.00293970163712781,"I","NTPCM"
"F2",171.562132907706,800,66.7037699872973,0.00294244198037696,"I","NTPCM"
"F3",171.562132907706,600,66.1209336275676,0.00294749682593718,"I","NTPCM"
"F4",171.562132907706,400,64.8009239654054,0.00295900951613426,"I","NTPCM"
"F5",171.562132907706,250,63.8001152019019,0.00296779836208335,"I","NTPCM"
"F6",171.562132907706,200,62.480257012963,0.00297946916019963,"I","NTPCM"
"F7",171.562132907706,150,62.4267648627027,0.00297994409836193,"I","NTPCM"
"F8",171.562132907706,100,62.1628069521421,0.0029822899074139,"I","NTPCM"
"F9",171.562132907706,50,63.4827731655255,0.002970596090798,"I","NTPCM"
"A1",232.932412505161,1000,46.3771483225626,0.00312962452564594,"J","NTPCM"
"A2",232.932412505161,800,45.3211803545946,0.0031400015501766,"J","NTPCM"
"A3",232.932412505161,600,44.8435605027928,0.00314471776855751,"J","NTPCM"
"A4",232.932412505161,400,43.6819999034935,0.00315624684471454,"J","NTPCM"
"A5",232.932412505161,250,42.7859756575075,0.00316519825866256,"J","NTPCM"
"A6",232.932412505161,200,42.5747835786286,0.00316731549758417,"J","NTPCM"
"A7",232.932412505161,150,42.5227570335536,0.00316783750804859,"J","NTPCM"
"A8",232.932412505161,100,42.681157340971,0.00316624872738696,"J","NTPCM"
"B1",232.932412505161,1000,46.4827451193594,0.00312859059426647,"J","NTPCM"
"B2",232.932412505161,800,45.637970744985,0.00313688122441719,"J","NTPCM"
"B3",232.932412505161,600,44.7907622937337,0.00314523998994548,"J","NTPCM"
"B4",232.932412505161,400,43.6292016944344,0.0031567729025487,"J","NTPCM"
"B5",232.932412505161,250,42.6275815983483,0.00316678592235197,"J","NTPCM"
"B6",232.932412505161,200,42.5747835786286,0.00316731549758417,"J","NTPCM"
"B7",232.932412505161,150,42.5227570335536,0.00316783750804859,"J","NTPCM"
"B8",232.932412505161,100,42.7339574434434,0.00316571948792,"J","NTPCM"
"C1",232.932412505161,1000,46.5883419161562,0.00312755734581943,"J","NTPCM"
"C2",232.932412505161,800,45.4795755497898,0.00313844061171822,"J","NTPCM"
"C3",232.932412505161,600,44.7907622937337,0.00314523998994548,"J","NTPCM"
"C4",232.932412505161,400,43.6819999034935,0.00315624684471454,"J","NTPCM"
"C5",232.932412505161,250,42.8387736772272,0.00316466939113941,"J","NTPCM"
"C6",232.932412505161,200,42.5219855589089,0.0031678452499656,"J","NTPCM"
"C7",232.932412505161,150,42.5227570335536,0.00316783750804859,"J","NTPCM"
"C8",232.932412505161,100,42.7339574434434,0.00316571948792,"J","NTPCM"
"A1",209.690570549976,1000,50.2304856456456,0.00309233254444358,"G","WMCM"
"A2",209.690570549976,800,49.7553000600601,0.00309688320326115,"G","WMCM"
"A3",209.690570549976,600,49.435750208961,0.00309995094126827,"G","WMCM"
"A4",209.690570549976,400,49.0133251535055,0.00310401564027661,"G","WMCM"
"A5",209.690570549976,250,48.2263557412773,0.00311161658950743,"G","WMCM"
"A8",209.690570549976,100,49.0161546705105,0.0031039883783656,"G","WMCM"
"B1",209.690570549976,1000,50.0192920520521,0.00309435340731239,"G","WMCM"
"B2",209.690570549976,800,49.9664936536537,0.00309485903579993,"G","WMCM"
"B3",209.690570549976,600,49.2245376812332,0.00310198195922287,"G","WMCM"
"B4",209.690570549976,400,48.4852938341862,0.00310911152839941,"G","WMCM"
"B5",209.690570549976,250,48.0151897915195,0.00311366247584035,"G","WMCM"
"B6",209.690570549976,200,48.7014791282322,0.00310702316083369,"G","WMCM"
"B7",209.690570549976,150,48.4881953009009,0.00310908348140828,"G","WMCM"
"B8",209.690570549976,100,49.0161546705105,0.0031039883783656,"G","WMCM"
"C1",209.690570549976,1000,49.7025016616617,0.00309738965890983,"G","WMCM"
"C2",209.690570549976,800,49.3329128728729,0.00310093949192965,"G","WMCM"
"C3",209.690570549976,600,49.2245376812332,0.00310198195922287,"G","WMCM"
"C4",209.690570549976,400,48.5380969661181,0.00310860118677417,"G","WMCM"
"C5",209.690570549976,250,48.0151897915195,0.00311366247584035,"G","WMCM"
"C6",209.690570549976,200,48.2791472287167,0.00311110553794438,"G","WMCM"
"C7",209.690570549976,150,48.6993790487447,0.00310704343427846,"G","WMCM"
"C8",209.690570549976,100,48.6465831117838,0.00310755319503385,"G","WMCM"
"D1",189.672643748737,1000,67.760163877045,0.00293332410106924,"I","WMCM"
"D2",189.672643748737,800,67.2321675858739,0.0029378742344007,"I","WMCM"
"D3",189.672643748737,600,66.6512805924004,0.00294289650191026,"I","WMCM"
"D4",189.672643748737,400,65.5425619400521,0.00295253014790741,"I","WMCM"
"D5",189.672643748737,250,64.7513447495015,0.0029594436824196,"I","WMCM"
"D6",189.672643748737,200,64.4873877856577,0.00296175730584324,"I","WMCM"
"D7",189.672643748737,150,64.1157524063103,0.00296502088594896,"I","WMCM"
"D8",189.672643748737,100,64.1157524063103,0.00296502088594896,"I","WMCM"
"E1",189.672643748737,1000,68.1297612808649,0.00293014738479328,"I","WMCM"
"E2",189.672643748737,800,67.4433661023424,0.002936052488173,"I","WMCM"
"E3",189.672643748737,600,66.9680573502142,0.00294015556771899,"I","WMCM"
"E4",189.672643748737,400,66.0705232030751,0.00294793484355706,"I","WMCM"
"E5",189.672643748737,250,64.9625103205766,0.00295759538460101,"I","WMCM"
"E6",189.672643748737,200,64.3290136073514,0.00296314721709918,"I","WMCM"
"E7",189.672643748737,150,64.2741620861181,0.00296362890498867,"I","WMCM"
"E8",189.672643748737,100,64.5909814457337,0.002960848860329,"I","WMCM"
"E9",189.672643748737,50,61.2117139197117,0.0029907730411985,"I","WMCM"
"F1",189.672643748737,1000,67.9185627643964,0.00293196180819157,"I","WMCM"
"F2",189.672643748737,800,67.3377668441081,0.00293696307878764,"I","WMCM"
"F3",189.672643748737,600,66.8624650976096,0.00294106864497725,"I","WMCM"
"F4",189.672643748737,400,65.700950318959,0.00295115005302096,"I","WMCM"
"F5",189.672643748737,250,64.8041361422703,0.00295898139142474,"I","WMCM"
"F6",189.672643748737,200,64.4345963928889,0.00296222046469258,"I","WMCM"
"F7",189.672643748737,150,64.3269653127207,0.00296316520172971,"I","WMCM"
"F8",189.672643748737,100,64.2213588595155,0.0029640927533994,"I","WMCM"
"F9",189.672643748737,50,61.6868645718198,0.0029865289811466,"I","WMCM"
"A1",203.351228838855,1000,48.1146426511311,0.00311269858938671,"J","WMCM"
"A2",203.351228838855,800,47.3754107325886,0.00311987744657877,"J","WMCM"
"A3",203.351228838855,600,46.6411188243123,0.00312704118762405,"J","WMCM"
"A4",203.351228838855,400,45.4267730805526,0.00313896079218289,"J","WMCM"
"A5",203.351228838855,250,44.3220613643403,0.00314988347542296,"J","WMCM"
"A6",203.351228838855,200,43.9525023968128,0.00315355442622345,"J","WMCM"
"A7",203.351228838855,150,43.7384365897417,0.00315568472854895,"J","WMCM"
"A8",203.351228838855,100,43.5800456547267,0.0031572628290848,"J","WMCM"
"B1",203.351228838855,1000,48.0618403712352,0.00311321026909925,"J","WMCM"
"B2",203.351228838855,800,47.5338175722763,0.00311833633380836,"J","WMCM"
"B3",203.351228838855,600,46.5355235422463,0.00312807408017602,"J","WMCM"
"B4",203.351228838855,400,45.4795707215856,0.00313844065927512,"J","WMCM"
"B5",203.351228838855,250,44.2164730879039,0.00315093144612985,"J","WMCM"
"B6",203.351228838855,200,44.005296535031,0.00315302948090462,"J","WMCM"
"B7",203.351228838855,150,43.7912335680801,0.00315515904554967,"J","WMCM"
"B8",203.351228838855,100,43.4216547197117,0.0031588425087691,"J","WMCM"
"C1",203.351228838855,1000,47.9562358114434,0.00311423413336392,"J","WMCM"
"C2",203.351228838855,800,47.3754107325886,0.00311987744657877,"J","WMCM"
"C3",203.351228838855,600,46.6939164653454,0.00312652499710229,"J","WMCM"
"C4",203.351228838855,400,45.4795707215856,0.00313844065927512,"J","WMCM"
"C5",203.351228838855,250,44.1636789496857,0.00315145569302281,"J","WMCM"
"C6",203.351228838855,200,43.8469141203764,0.00315460484142208,"J","WMCM"
"C7",203.351228838855,150,43.5800456547267,0.0031572628290848,"J","WMCM"
"C8",203.351228838855,100,43.5272486763884,0.00315778921340161,"J","WMCM"
"A1",222.749434934811,1000,48.6428912396396,0.00310758884743448,"G","Ecoli80"
"A2",222.749434934811,800,47.7452219027828,0.00311628198784137,"G","Ecoli80"
"A3",222.749434934811,600,47.6972710214054,0.00311674771867791,"G","Ecoli80"
"A4",222.749434934811,400,46.3773796976817,0.00312962225943248,"G","Ecoli80"
"A5",222.749434934811,250,45.6828826031632,0.00313643935291535,"G","Ecoli80"
"A6",222.749434934811,200,46.1053417400601,0.0031322890152742,"G","Ecoli80"
"A7",222.749434934811,150,46.5414486008408,0.00312801610545603,"G","Ecoli80"
"A8",222.749434934811,100,46.8581731004444,0.00312492018660448,"G","Ecoli80"
"B1",222.749434934811,1000,48.4316749250851,0.00310962992599923,"G","Ecoli80"
"B2",222.749434934811,800,47.9564382173373,0.00311423217034085,"G","Ecoli80"
"B3",222.749434934811,600,47.6972710214054,0.00311674771867791,"G","Ecoli80"
"B4",222.749434934811,400,46.4829710035796,0.00312858838329542,"G","Ecoli80"
"B5",222.749434934811,250,45.6300752110511,0.00313695891858342,"G","Ecoli80"
"B6",222.749434934811,200,45.5244604268268,0.00313799856650143,"G","Ecoli80"
"B7",222.749434934811,150,45.855212185033,0.00313474501921294,"G","Ecoli80"
"B8",222.749434934811,100,46.3302989344384,0.00313008346159465,"G","Ecoli80"
"C1",222.749434934811,1000,48.1676545318919,0.00311218504771186,"G","Ecoli80"
"C2",222.749434934811,800,47.6396137455055,0.00311730790883192,"G","Ecoli80"
"C3",222.749434934811,600,47.6444753684565,0.0031172606661989,"G","Ecoli80"
"C4",222.749434934811,400,46.8525405742222,0.00312497518990184,"G","Ecoli80"
"C5",222.749434934811,250,46.1053417400601,0.0031322890152742,"G","Ecoli80"
"C6",222.749434934811,200,45.9997269558358,0.00313332556959505,"G","Ecoli80"
"C7",222.749434934811,150,46.2775115178378,0.0031306007276839,"G","Ecoli80"
"C8",222.749434934811,100,46.4886611842402,0.00312853268842719,"G","Ecoli80"
"D1",190.603984228862,1000,66.915286784993,0.00294061181443742,"I","Ecoli80"
"D2",190.603984228862,800,66.3872999608889,0.00294518452056722,"I","Ecoli80"
"D4",190.603984228862,400,64.1183557550831,0.00296499799917837,"I","Ecoli80"
"D5",190.603984228862,250,63.010201623944,0.00297477213295666,"I","Ecoli80"
"D6",190.603984228862,200,62.3767060467668,0.00298038869031372,"I","Ecoli80"
"D7",190.603984228862,150,62.1667462013533,0.00298225487193387,"I","Ecoli80"
"D8",190.603984228862,100,61.2164619378579,0.00299073057209264,"I","Ecoli80"
"D9",190.603984228862,50,61.3681740463984,0.00298937420321234,"I","Ecoli80"
"E1",190.603984228862,1000,66.8624881025826,0.00294106844598689,"I","Ecoli80"
"E2",190.603984228862,800,66.0705078664264,0.00294793497683745,"I","Ecoli80"
"E3",190.603984228862,600,65.4381997434715,0.00295344019891314,"I","Ecoli80"
"E4",190.603984228862,400,64.3823245527608,0.00296267920805815,"I","Ecoli80"
"E5",190.603984228862,250,63.010201623944,0.00297477213295666,"I","Ecoli80"
"E6",190.603984228862,200,61.7960017676877,0.00298555586489306,"I","Ecoli80"
"E7",190.603984228862,150,62.1667462013533,0.00298225487193387,"I","Ecoli80"
"E8",190.603984228862,100,61.7443976397998,0.00298601591142639,"I","Ecoli80"
"E9",190.603984228862,50,60.8401503007327,0.00299410027241694,"I","Ecoli80"
"F1",190.603984228862,1000,66.5984946905305,0.00294335373262177,"I","Ecoli80"
"F2",190.603984228862,800,66.0705078664264,0.00294793497683745,"I","Ecoli80"
"F3",190.603984228862,600,65.4381997434715,0.00295344019891314,"I","Ecoli80"
"F4",190.603984228862,400,64.1711495146186,0.00296453395062518,"I","Ecoli80"
"F5",190.603984228862,250,62.7990364315516,0.00297664196516827,"I","Ecoli80"
"F6",190.603984228862,200,61.9015843638839,0.00298461504636237,"I","Ecoli80"
"F7",190.603984228862,150,61.8499847801882,0.00298507476248441,"I","Ecoli80"
"F8",190.603984228862,100,61.4804297888288,0.00298837138221727,"I","Ecoli80"
"F9",190.603984228862,50,61.3681740463984,0.00298937420321234,"I","Ecoli80"
"A1",206.320399194742,1000,46.3245014919079,0.00313014026261914,"J","Ecoli80"
"A2",206.320399194742,800,45.4797286322643,0.00313843910388574,"J","Ecoli80"
"A3",206.320399194742,600,44.8966739644444,0.00314419260398175,"J","Ecoli80"
"A4",206.320399194742,400,43.7350946203964,0.00315571800938735,"J","Ecoli80"
"A5",206.320399194742,250,42.6243731153393,0.00316681809905689,"J","Ecoli80"
"A6",206.320399194742,200,42.2547584814575,0.00317052921082923,"J","Ecoli80"
"A7",206.320399194742,150,41.9383188459019,0.00317371333746289,"J","Ecoli80"
"A8",206.320399194742,100,41.9911212204685,0.00317318157696219,"J","Ecoli80"
"B1",206.320399194742,1000,46.3772997956356,0.00312962304203611,"J","Ecoli80"
"B2",206.320399194742,800,45.7965184546306,0.00313532188670762,"J","Ecoli80"
"B3",206.320399194742,600,44.9494730255375,0.00314367072189308,"J","Ecoli80"
"B4",206.320399194742,400,43.7878936814895,0.00315519229456659,"J","Ecoli80"
"B5",206.320399194742,250,42.5187689342302,0.00316787752990652,"J","Ecoli80"
"B6",206.320399194742,200,42.2019563909029,0.00317106007980627,"J","Ecoli80"
"B7",206.320399194742,150,41.8327140967688,0.00317477739331683,"J","Ecoli80"
"B8",206.320399194742,100,41.8327140967688,0.00317477739331683,"J","Ecoli80"
"C1",206.320399194742,1000,46.3245014919079,0.00313014026261914,"J","Ecoli80"
"C2",206.320399194742,800,45.6909218471752,0.00313636027084163,"J","Ecoli80"
"C3",206.320399194742,600,44.7382767811652,0.00314575929042014,"J","Ecoli80"
"C4",206.320399194742,400,43.8406927425826,0.00315466675487556,"J","Ecoli80"
"C5",206.320399194742,250,42.6771752058939,0.00316628864931613,"J","Ecoli80"
"C6",206.320399194742,200,41.9907480286847,0.00317318533466506,"J","Ecoli80"
"C7",206.320399194742,150,41.8327140967688,0.00317477739331683,"J","Ecoli80"
"C8",206.320399194742,100,41.7799117222022,0.00317530968884942,"J","Ecoli80"
"D1",195.160999304529,1000,59.0478181781782,0.0030102545690521,"F","WMCM"
"D2",195.160999304529,800,58.9950197797798,0.00301073308479237,"F","WMCM"
"D3",195.160999304529,600,58.7819045609129,0.00301266611090857,"F","WMCM"
"D4",195.160999304529,400,58.7819045609129,0.00301266611090857,"F","WMCM"
"D7",195.160999304529,150,57.78028020603,0.00302178452626765,"F","WMCM"
"E9",195.160999304529,50,59.7361135864024,0.00300403038512583,"F","WMCM"
"F1",195.160999304529,1000,60.5789717317317,0.00299644347570714,"F","WMCM"
"F2",195.160999304529,800,60.5261733333333,0.00299691761029946,"F","WMCM"
"F3",195.160999304529,600,60.1019828592112,0.00300073233299401,"F","WMCM"
"F4",195.160999304529,400,59.5739515398919,0.00300549448085076,"F","WMCM"
"F5",195.160999304529,250,58.7846532291652,0.00301264116377029,"F","WMCM"
"F6",195.160999304529,200,58.4679043045285,0.00301551872507369,"F","WMCM"
"F7",195.160999304529,150,58.5194233234835,0.00301505031720902,"F","WMCM"
"F8",195.160999304529,100,58.4666273865225,0.00301553033658481,"F","WMCM"
"F9",195.160999304529,50,59.3137900179059,0.00300784635808351,"F","WMCM"
"A1",248.291798515447,1000,40.0403585905586,0.00319294631067275,"H","WMCM"
"A2",248.291798515447,800,39.0899652664505,0.00320266497322548,"H","WMCM"
"A3",248.291798515447,600,39.4612755467147,0.0031988609439987,"H","WMCM"
"A4",248.291798515447,400,38.7221297784825,0.00320644233490913,"H","WMCM"
"A5",248.291798515447,250,38.5668139361922,0.00320803997504189,"H","WMCM"
"A7",248.291798515447,150,38.242171371035,0.00321138452388536,"H","WMCM"
"A8",248.291798515447,100,39.8790713957157,0.00319459146571038,"H","WMCM"
"B1",248.291798515447,1000,39.8819597032072,0.00319456198960682,"H","WMCM"
"B2",248.291798515447,800,39.5123622993874,0.00319833827341987,"H","WMCM"
"B3",248.291798515447,600,39.1972949152032,0.00320156446455373,"H","WMCM"
"B4",248.291798515447,400,37.7190033787387,0.00321678903052833,"H","WMCM"
"B5",248.291798515447,250,37.5109860808168,0.00321894297901911,"H","WMCM"
"B6",248.291798515447,200,38.4612311506547,0.00320912695061537,"H","WMCM"
"B7",248.291798515447,150,38.9286133168689,0.00320432082599858,"H","WMCM"
"B8",248.291798515447,100,39.8262681691131,0.00319513043544778,"H","WMCM"
"C1",248.291798515447,1000,40.1459578487928,0.00319187009901556,"H","WMCM"
"C2",248.291798515447,800,40.9379522855496,0.00318382157839299,"H","WMCM"
"C3",248.291798515447,600,40.04203293604,0.00319292924096897,"H","WMCM"
"C4",248.291798515447,400,38.5637413995756,0.0032080715964271,"H","WMCM"
"C5",248.291798515447,250,38.6723967217297,0.00320695373556634,"H","WMCM"
"C6",248.291798515447,200,38.8835622928048,0.00320478346192011,"H","WMCM"
"C7",248.291798515447,150,39.4038423562923,0.00319944874924961,"H","WMCM"
"D3",136.05555830963,600,59.1011320569369,0.00300977153579309,"F","Ecoli80"
"D4",136.05555830963,400,58.4675842215015,0.00301552163570451,"F","Ecoli80"
"D5",136.05555830963,250,57.0892792993794,0.00302810738359639,"F","Ecoli80"
"D6",136.05555830963,200,56.9836645151552,0.00302907612123905,"F","Ecoli80"
"D7",136.05555830963,150,56.7822074209309,0.00303092567960238,"F","Ecoli80"
"D8",136.05555830963,100,56.7822074209309,0.00303092567960238,"F","Ecoli80"
"D9",136.05555830963,50,57.462726863053,0.0030246869486492,"F","Ecoli80"
"E1",136.05555830963,1000,60.2069844615015,0.00299978715494856,"F","Ecoli80"
"E2",136.05555830963,800,60.1013763042242,0.00300073779466436,"F","Ecoli80"
"E3",136.05555830963,600,59.3123146687487,0.0030078597058327,"F","Ecoli80"
"E4",136.05555830963,400,58.5203798744545,0.00301504162168031,"F","Ecoli80"
"E5",136.05555830963,250,56.9836645151552,0.00302907612123905,"F","Ecoli80"
"E6",136.05555830963,200,57.3005088678278,0.00302617176601164,"F","Ecoli80"
"E7",136.05555830963,150,56.7822074209309,0.00303092567960238,"F","Ecoli80"
"E8",136.05555830963,100,56.9933570873574,0.00302898719157144,"F","Ecoli80"
"E9",136.05555830963,50,57.2515177434935,0.00302662047931737,"F","Ecoli80"
"F2",136.05555830963,800,60.1541803828629,0.00300026239950339,"F","Ecoli80"
"F3",136.05555830963,600,59.2595190157958,0.00300833743558493,"F","Ecoli80"
"F4",136.05555830963,400,58.5203798744545,0.00301504162168031,"F","Ecoli80"
"F5",136.05555830963,250,57.1420866914915,0.00302762324709901,"F","Ecoli80"
"F6",136.05555830963,200,56.930857123043,0.00302956072253301,"F","Ecoli80"
"F7",136.05555830963,150,56.2543332548649,0.00303578277225116,"F","Ecoli80"
"F8",136.05555830963,100,56.2015458382583,0.00303626933784331,"F","Ecoli80"
"F9",136.05555830963,50,57.6211337027227,0.00302323842109735,"F","Ecoli80"
"A1",197.38981006045,1000,42.3638994667968,0.00316943247726947,"H","Ecoli80"
"A2",197.38981006045,800,40.9911337240741,0.00318328258431241,"H","Ecoli80"
"A3",197.38981006045,600,40.8363078021522,0.00318485225358972,"H","Ecoli80"
"A4",197.38981006045,400,39.8860201306206,0.00319452055256366,"H","Ecoli80"
"A5",197.38981006045,250,38.9901609893093,0.00320368899929622,"H","Ecoli80"
"A6",197.38981006045,200,38.7789957969169,0.00320585778646579,"H","Ecoli80"
"A7",197.38981006045,150,38.8319881784985,0.00320531324849387,"H","Ecoli80"
"A8",197.38981006045,100,38.8319881784985,0.00320531324849387,"H","Ecoli80"
"A9",197.38981006045,50,38.9799672276577,0.00320379362764176,"H","Ecoli80"
"B1",197.38981006045,1000,41.7303152778479,0.00317580982830765,"H","Ecoli80"
"B2",197.38981006045,800,41.0439324064865,0.00318274764996498,"H","Ecoli80"
"B3",197.38981006045,600,40.4667514854454,0.00318860518535283,"H","Ecoli80"
"B4",197.38981006045,400,39.8860201306206,0.00319452055256366,"H","Ecoli80"
"B5",197.38981006045,250,38.831787095015,0.00320531531443355,"H","Ecoli80"
"B6",197.38981006045,200,38.4094567102302,0.00320966023807797,"H","Ecoli80"
"B7",197.38981006045,150,38.5680203275475,0.0032080275594886,"H","Ecoli80"
"B8",197.38981006045,100,38.4624331871672,0.00320911457149516,"H","Ecoli80"
"B9",197.38981006045,50,39.2439791004805,0.00320108602246253,"H","Ecoli80"
"C1",197.38981006045,1000,39.9351600758258,0.00319401916001963,"H","Ecoli80"
"C2",197.38981006045,800,39.9879587582382,0.00319348061143894,"H","Ecoli80"
"C3",197.38981006045,600,40.0444014092092,0.00319290509504809,"H","Ecoli80"
"C4",197.38981006045,400,38.5661761423824,0.00320804653892338,"H","Ecoli80"
"C5",197.38981006045,250,37.8287524311512,0.00321565377757245,"H","Ecoli80"
"C6",197.38981006045,200,38.0399176235435,0.00321347172053862,"H","Ecoli80"
"C7",197.38981006045,150,38.409639616977,0.00320965835378861,"H","Ecoli80"
"C8",197.38981006045,100,39.0959560294494,0.00320260352677133,"H","Ecoli80"
"C9",197.38981006045,50,38.2407339837538,0.00321139934771525,"H","Ecoli80"
