Sample,Nucleotide,N,Dotbracket,Reactivity
1,G,1,.,
1,G,2,.,
1,A,3,.,
1,A,4,.,
1,C,5,<,
1,A,6,<,
1,C,7,<,
1,U,8,<,
1,C,9,<,
1,A,10,<,
1,U,11,<,
1,A,12,<,
1,U,13,.,54087.68667
1,A,14,.,15851.23
1,A,15,.,17125.93767
1,U,16,.,22827.84167
1,C,17,.,21299.62933
1,G,18,<,1866.722467
1,C,19,<,2709.801167
1,G,20,<,1680.667933
1,U,21,<,3163.8762
1,G,22,<,2999.260367
1,G,23,.,71213.895
1,C,24,.,2533.1465
1,C,25,.,4068.3583
1,A,26,.,1983.832157
1,U,27,.,10499.68877
1,G,28,.,4064.318067
1,G,29,.,4457.769367
1,C,30,>,2523.022533
1,A,31,>,2215.3963
1,C,32,>,1647.976833
1,G,33,>,5637.367667
1,C,34,>,6419.362467
1,A,35,.,22922.60133
1,A,36,.,2022.514442
1,G,37,.,13246.31423
1,U,38,.,24574.07967
1,U,39,.,26191.632
1,U,40,.,25022.82467
1,C,41,.,26711.58733
1,U,42,.,27307.97567
1,A,43,.,12145.79033
1,C,44,.,19654.549
1,C,45,<,7480.527467
1,G,46,<,2023.577167
1,G,47,<,2313.6706
1,G,48,<,1682.905167
1,C,49,<,1944.976333
1,A,50,<,2772.2934
1,C,51,.,3716.3005
1,C,52,.,13919.31667
1,G,53,.,12491.99933
1,U,54,.,19822.59367
1,A,55,.,9961.333267
1,A,56,.,7044.953133
1,A,57,.,6342.271633
1,U,58,>,4160.7368
1,G,59,>,2125.421733
1,U,60,>,2181.4198
1,C,61,>,2382.4208
1,C,62,>,2543.249233
1,G,63,>,7265.5224
1,A,64,.,10729.22797
1,C,65,.,16385.67767
1,U,66,>,8711.1538
1,A,67,>,4331.194
1,U,68,>,5850.086167
1,G,69,>,2945.4358
1,G,70,>,3124.796067
1,G,71,>,2996.0888
1,U,72,>,2843.3459
1,G,73,>,14160.72633
1,A,74,.,16696.94467
1,G,75,.,7688.373967
1,C,76,.,8071.335833
1,A,77,.,5655.904767
1,A,78,.,7070.001733
1,U,79,.,39364.38967
1,G,80,<,10060.78753
1,G,81,<,7164.5453
1,A,82,<,3411.933767
1,A,83,<,2162.7061
1,C,84,<,2023.7527
1,C,85,<,2212.316167
1,G,86,<,1757.495533
1,C,87,.,5053.470467
1,A,88,.,3977.8976
1,C,89,.,7109.474267
1,G,90,.,7087.667933
1,U,91,.,10146.33953
1,G,92,.,12388.53897
1,U,93,.,32911.97467
1,A,94,.,23875.354
1,C,95,>,9227.652533
1,G,96,>,1723.553463
1,G,97,>,1047.678583
1,U,98,>,3841.435367
1,U,99,>,5624.072333
1,U,100,>,7553.8985
1,U,101,>,9177.549633
1,U,102,.,9567.9669
1,U,103,.,8837.1143
1,G,104,.,8257.5189
1,U,105,.,9450.199367
1,G,106,.,11021.14687
1,A,107,.,17296.20867
1,U,108,.,22834.907
1,A,109,.,21002.452
1,U,110,.,18375.81433
1,C,111,.,14267.15007
1,A,112,<,4033.986567
1,G,113,<,837.29003
1,C,114,<,1783.825133
1,A,115,<,993.9007033
1,U,116,<,2106.862667
1,U,117,<,1639.335917
1,G,118,<,2156.735967
1,C,119,<,886.1498067
1,U,120,<,4154.118833
1,U,121,<,
1,G,122,<,
1,C,123,<,
1,U,124,<,
1,C,125,<,
1,U,126,.,
1,U,127,.,
1,U,128,.,
1,A,129,.,
1,U,130,.,
1,U,131,.,
1,U,132,.,
1,G,133,>,
1,A,134,>,
1,G,135,>,
1,C,136,>,
1,G,137,>,
1,G,138,>,
1,G,139,>,
1,C,140,>,
1,A,141,>,
1,A,142,>,
1,U,143,>,
1,G,144,>,
1,C,145,>,
1,U,146,>,
1,U,147,.,
1,U,148,.,
1,U,149,.,
1,U,150,.,
1,U,151,.,
